post_id,title,selftext,author,timestamp,score,num_comments,url,mese
1kwlwc6,Quanto odio quei siti di notizie...,"...in cui ti chiedono di accettare 200 biscotti 🍪 🍪 per poter visualizzare l'articolo e non appena li accetti ti comunicano che comunque è a pagamento quindi sticazzi, non lo puoi leggere. 

Ma è legale sta cosa? Appena provato a leggere un articolo di quifinanza. Ho scandagliato le impostazioni e li ho eliminati, col cazzo che ve li lascio, STRONZI!",Heavy-Ad1398,2025-05-27T12:23:55,31,24,https://reddit.com/r/Italia/comments/1kwlwc6/quanto_odio_quei_siti_di_notizie/,2025-05
1kuc88y,Notizie da un macchinista,Se nei prossimi vedrete degli scioperi dei mezzi nonostante la firma del ccnl questi sono i motivi,notio234,2025-05-24T13:57:01,1,1,https://reddit.com/r/Italia/comments/1kuc88y/notizie_da_un_macchinista/,2025-05
1kq6axq,"Secondo voi con l'aumento dell'immigrazione clandestina sono effettivamente aumentati furti, rapine, aggressioni, e violenze su donne (soprattutto a opera di nordafricani)? Datemi del ""razzista"" ma secondo me sì, e non c'è bisogno di ""fonti"" e ""dati ufficiali"", basta leggere le notizie del giorno.",P.S. Non tirate in ballo gente come Turetta e Impagnatiello grazie,Ed_ivad,2025-05-19T08:07:57,0,26,https://reddit.com/r/Italia/comments/1kq6axq/secondo_voi_con_laumento_dellimmigrazione/,2025-05
1kna8hg,Un sms della cugina di Chiara Poggi: 'Mi sa che abbiamo incastrato Stasi' - Notizie,,Public-Paramedic8061,2025-05-15T14:54:26,48,9,https://reddit.com/r/Italia/comments/1kna8hg/un_sms_della_cugina_di_chiara_poggi_mi_sa_che/,2025-05
1kn9cp6,Su Reddit ma anche sui quotidiani spesso vedo notizie che si completano...Ce ne facciamo qualcosa? fare formazione? ignorare il problema? Lamentarci ?,,RebeLesPaul,2025-05-15T14:17:43,126,57,https://reddit.com/r/Italia/comments/1kn9cp6/su_reddit_ma_anche_sui_quotidiani_spesso_vedo/,2025-05
1kjv1dn,Le notizie sul papa e compagnia bella hanno rotto il cazzo,,Pale-Psychology-4989,2025-05-11T07:05:54,1,1,https://reddit.com/r/Italia/comments/1kjv1dn/le_notizie_sul_papa_e_compagnia_bella_hanno_rotto/,2025-05
1khu4t1,"Fumata bianca, eletto il Papa - Notizie",,Public-Paramedic8061,2025-05-08T16:17:20,1,0,https://reddit.com/r/Italia/comments/1khu4t1/fumata_bianca_eletto_il_papa_notizie/,2025-05
1khu16n,"+++ FLASH +++ Fumata bianca, eletto il Papa +++ FLASH +++ - Notizie - Ansa.it",,Super_Culture_1986,2025-05-08T16:13:21,1,0,https://reddit.com/r/Italia/comments/1khu16n/flash_fumata_bianca_eletto_il_papa_flash_notizie/,2025-05
1khu0wh,"+++ FLASH +++ Fumata bianca, eletto il Papa +++ FLASH +++ - Notizie - Ansa.it",,Super_Culture_1986,2025-05-08T16:13:05,1,0,https://reddit.com/r/Italia/comments/1khu0wh/flash_fumata_bianca_eletto_il_papa_flash_notizie/,2025-05
1khu0sz,"+++ FLASH +++ Fumata bianca, eletto il Papa +++ FLASH +++ - Notizie - Ansa.it",,Super_Culture_1986,2025-05-08T16:12:59,1,0,https://reddit.com/r/Italia/comments/1khu0sz/flash_fumata_bianca_eletto_il_papa_flash_notizie/,2025-05
1kem3wd,"Trump a Nbc: 'Odio tremendo tra Putin e Zelensky, forse la pace è impossibile' - Notizie",,Public-Paramedic8061,2025-05-04T15:12:22,1,1,https://reddit.com/r/Italia/comments/1kem3wd/trump_a_nbc_odio_tremendo_tra_putin_e_zelensky/,2025-05
1ke1jvk,"Tre arresti per molestie ad una ragazza durante il Concertone a Roma, chiesta l'espulsione per i fermati - Notizie - Ansa.it",,Sirrrrrrrrr_,2025-05-03T19:51:32,7,1,https://reddit.com/r/Italia/comments/1ke1jvk/tre_arresti_per_molestie_ad_una_ragazza_durante/,2025-05
1kd66x8,Buone notizie per la nostra economia,"Il report The Fiscal Monitor dell' FMI promuove la gestione  del debito post covid dell' Italia,in particolare si evidenzia come gli interventi da parte della politica per favorire  il settore delle costruzioni attraverso il Superbonus abbiano avuto un impatto positivo su crescita e diminuzione del debito.
I dati indicano la crescita maggiore di Pil pro capite dell' Europa occidentale pari al +7,1%, a fronte di una crescita del debito del 1,2%.
Dunque gli oneri di spesa del Superbonus si sono rivelati meno gravosi del previsto ed hanno permesso di diminuire il debito dal 154% al 134% nell' arco di 5 anni.
Buone notizie anche per ciò che riguarda le prospettive di crescita nei prossimi anni: +0,5% nel 2025 e +0,9% nel 2026.",Swimming_Newspaper39,2025-05-02T17:07:03,0,5,https://reddit.com/r/Italia/comments/1kd66x8/buone_notizie_per_la_nostra_economia/,2025-05
1kczbl2,Notizie top tier,,umbertosmiley,2025-05-02T12:07:34,19,5,https://reddit.com/r/Italia/comments/1kczbl2/notizie_top_tier/,2025-05
1kcz8yh,Notizie top tier,,umbertosmiley,2025-05-02T12:03:46,262,54,https://reddit.com/r/Italia/comments/1kcz8yh/notizie_top_tier/,2025-05
1kc8tre,"Concertone, apertura affidata a Leo Gassmann con Bella Ciao - Notizie",,Public-Paramedic8061,2025-05-01T13:32:46,2,5,https://reddit.com/r/Italia/comments/1kc8tre/concertone_apertura_affidata_a_leo_gassmann_con/,2025-05
1ka1u9n,Giornalismo online: strane associazioni di notizie,,DashieTheReal,2025-04-28T17:50:12,0,2,https://reddit.com/r/Italia/comments/1ka1u9n/giornalismo_online_strane_associazioni_di_notizie/,2025-04
1k9s902,Mediobanca lancia un'offerta pubblica di scambio sulla totalità delle azioni di Banca Generali - Notizie,,Public-Paramedic8061,2025-04-28T10:29:13,1,1,https://reddit.com/r/Italia/comments/1k9s902/mediobanca_lancia_unofferta_pubblica_di_scambio/,2025-04
1k7hecq,Esselunga avvia la cassa integrazione per 200 dipendenti a Milano per uno sciopero dei driver - Notizie,,Public-Paramedic8061,2025-04-25T10:14:33,9,3,https://reddit.com/r/Italia/comments/1k7hecq/esselunga_avvia_la_cassa_integrazione_per_200/,2025-04
1k6qw5m,L'unica app di notizie. Senza distrazioni.,"Ciao a tutti, siamo tre studenti universitari e siamo stati selezionati da **Dock startup lab.**

Stiamo costruendo ""**niuus**"", l'unica app italiana che aggregga tutte le **notize** dalle maggiori testate italiane e non **senza reindirizzamenti**, **senza pubblicità invasive** e con **tante altre funzionalità.**

Form per aiutarci : [https://forms.fillout.com/t/noBfWQndXius](https://forms.fillout.com/t/noBfWQndXius)",Recent-Influence2940,2025-04-24T12:25:31,0,7,https://reddit.com/r/Italia/comments/1k6qw5m/lunica_app_di_notizie_senza_distrazioni/,2025-04
1k3omsy,Spari contro l'auto della mamma di un magistrato nel Foggiano - Notizie,,Public-Paramedic8061,2025-04-20T15:08:38,24,3,https://reddit.com/r/Italia/comments/1k3omsy/spari_contro_lauto_della_mamma_di_un_magistrato/,2025-04
1jqe2zq,"Nordio: ""Alcune etnie hanno sensibilità diverse sulle donne"" - Notizie - Ansa.it","È vero che alcune etnie hanno sensibilità diverse sulle donne?

etnìa s. f. [dal fr. ethnie, der. del gr. ἔϑνος «razza, popolo»]. – In etnologia e antropologia, aggruppamento umano basato su caratteri culturali e linguistici. Spesso usato, nel linguaggio giornalistico, con il sign. di minoranza nazionale, gruppo etnico minoritario.",friul1077,2025-04-03T09:37:58,170,318,https://reddit.com/r/Italia/comments/1jqe2zq/nordio_alcune_etnie_hanno_sensibilità_diverse/,2025-04
1jpbxj3,Da quali fonti leggete le notizie?,"Raramente leggo le notizie in italiano, e i motivi sono i seguenti:
* Gli outlet non hanno soldi per produrre articoli di alta qualità. 
* Gli articoli sono personali: quei pochi che leggo sembrano essere troppo soggettivi. Dovrebbero essere nella sezione “Opinioni”, e invece non lo sono.
* Apri qualsiasi outlet e ti ritrovi inondato da notizie disgustose: non parlano d’altro che di morte, incidenti, omicidi, persone sgozzate...",123lybomir,2025-04-02T00:51:24,6,10,https://reddit.com/r/Italia/comments/1jpbxj3/da_quali_fonti_leggete_le_notizie/,2025-04
1jcyj9b,Le grandi notizie di Repubblica,,Vytostuff,2025-03-16T23:13:06,211,25,https://reddit.com/r/Italia/comments/1jcyj9b/le_grandi_notizie_di_repubblica/,2025-03
1j8pvoo,Il Doge di Musk sostituisce con un chatbot i dipendenti - Notizie,,Interesting_Winner64,2025-03-11T12:45:24,1,5,https://reddit.com/r/Italia/comments/1j8pvoo/il_doge_di_musk_sostituisce_con_un_chatbot_i/,2025-03
1j745ih,"Difesa: piano italiano per l'esercito, 40mila soldati in più - Notizie - Ansa.it","Redditori! La patria chiama, risponderete?

O è soltanto una trovata fascista del governo?

Arruolare nell'esercito fra i 30 e i 40 mila militari in più.

Aumentare di oltre un terzo la capacità difensiva italiana e arrivare alla soglia di circa 135 mila soldati, ordinari e non riservisti.

Un intervento da operare in un arco temporale tra i cinque e gli otto anni. E' quanto prevederebbe il piano di sicurezza nazionale a cui sta lavorando lo Stato Maggiore della Difesa su indicazione del ministro Guido Crosetto. Lo scrivono la Stampa e Repubblica.

Una pianificazione a lungo raggio che, secondo il quotidiano torinese, porterebbe ""tra circa dieci anni ad aver colmato il gap che si è creato a causa del disimpegno degli ultimi governi"". Tempi lunghi dovuti non solo all'addestramento degli uomini, ma anche alle catene di approvvigionamento da rimettere a regime.",friul1077,2025-03-09T09:36:40,0,48,https://reddit.com/r/Italia/comments/1j745ih/difesa_piano_italiano_per_lesercito_40mila/,2025-03
1j6p2kp,"Capotreno accoltellato a Genova, l'aggressore patteggia - Notizie - Ansa.it","Il patteggiamento è previsto martedì ma la procura ha già dato parere favorevole a Fares Kamel Salem al Shahhat, l'egiziano di 21 anni che nei mesi scorsi ha accoltellato il capotreno Rosario Ventura nella stazione di Genova Rivarolo.
Il giovane aveva colpito perché era senza biglietto e gli era stato detto di scendere.
Il ragazzo, assistito dall'avvocato Clemente Pallini, ha anche risarcito la vittima con mille euro e scritto due lettere di scuse. L'udienza è fissata davanti al giudice Silvia Carpanini. Al Shahhat era a bordo del treno regionale insieme alla fidanzata minorenne. I due erano senza biglietto e quando gli è stato chiesto di scendere, la ragazzina avrebbe sputato al capotreno prendendolo a schiaffi prima a bordo del convoglio e poi in stazione a Rivarolo.
Il fidanzato lo avrebbe poi colpito con un coltello per poi scappare. Era stato rintracciato poco distante dai carabinieri anche grazie alle testimonianze di alcuni passeggeri. Ventura era finito in ospedale ed era stato dimesso con una prognosi di 14 giorni. I sindacati avevano indetto uno sciopero per chiedere maggiore protezione sul lavoro.",_Giulio_Cesare,2025-03-08T19:38:47,29,45,https://reddit.com/r/Italia/comments/1j6p2kp/capotreno_accoltellato_a_genova_laggressore/,2025-03
1j4vdq2,GRANDI NOTIZIE per l'UCRAINA! L’audace mossa della SVEZIA contro la RUSSIA ha sorpreso anche l’UE!,,Adept-Measurement892,2025-03-06T13:25:37,1,0,https://reddit.com/r/Italia/comments/1j4vdq2/grandi_notizie_per_lucraina_laudace_mossa_della/,2025-03
1j3anb9,"Trump sospende gli aiuti militari all'Ucraina, Kiev: 'Pronti a firmare l'accordo sulle terre rare' - Notizie - Ansa.it",,Maleficent-Trick8930,2025-03-04T13:22:48,1,0,https://reddit.com/r/Italia/comments/1j3anb9/trump_sospende_gli_aiuti_militari_allucraina_kiev/,2025-03
1j2y8s0,'Trump sospende tutti gli aiuti militari all'Ucraina' - Notizie,,MagnificoReattore,2025-03-04T00:39:35,118,191,https://reddit.com/r/Italia/comments/1j2y8s0/trump_sospende_tutti_gli_aiuti_militari/,2025-03
1j13txr,Zelensky: 'Pronti ad accordo su minerali ma ci servono garanzie' - Notizie,,ruscodifferenziato,2025-03-01T16:49:49,27,64,https://reddit.com/r/Italia/comments/1j13txr/zelensky_pronti_ad_accordo_su_minerali_ma_ci/,2025-03
1izexqw,"'Dimissioni se incinta', lascia la consigliera di Fratelli d'Italia - Notizie",,Lower_Boysenberry794,2025-02-27T12:47:38,1,1,https://reddit.com/r/Italia/comments/1izexqw/dimissioni_se_incinta_lascia_la_consigliera_di/,2025-02
1iwwsib,"Cgia: 22,8 milioni di 'evasori' solo 1 su 8 è partita Iva - Notizie",,Williamlolle,2025-02-24T07:49:23,53,28,https://reddit.com/r/Italia/comments/1iwwsib/cgia_228_milioni_di_evasori_solo_1_su_8_è_partita/,2025-02
1ivpcav,"Il Papa, crisi asmatica e anemia, fatta una trasfusione, la prognosi è riservata- Notizie",,Public-Paramedic8061,2025-02-22T18:24:11,70,68,https://reddit.com/r/Italia/comments/1ivpcav/il_papa_crisi_asmatica_e_anemia_fatta_una/,2025-02
1iuvzbe,Ultime notizie:Olly rinuncia all'Eurovision e ci va Lucio Corsi,,Skater_78,2025-02-21T17:11:05,0,9,https://reddit.com/r/Italia/comments/1iuvzbe/ultime_notizieolly_rinuncia_alleurovision_e_ci_va/,2025-02
1it0qcw,"In 'centro' migranti Roma base stoccaggio droga, 27 arresti - Notizie",,DurangoGango,2025-02-19T08:28:50,12,0,https://reddit.com/r/Italia/comments/1it0qcw/in_centro_migranti_roma_base_stoccaggio_droga_27/,2025-02
1isem4t,Salvini: 'Trump merita il Nobel per la Pace altro che bullismo' - Notizie,,stealthisnick,2025-02-18T15:01:16,75,117,https://reddit.com/r/Italia/comments/1isem4t/salvini_trump_merita_il_nobel_per_la_pace_altro/,2025-02
1is4kvh,L'Europa si spacca sull'invio di truppe in Ucraina. Telefonata Macron-Trump - Notizie - Ansa.it,"Fumata nera al vertice di crisi di Parigi. I dubbi di Meloni: 'I nostri militari sono la soluzione meno efficace. Condivido le critiche di Vance' 

Che ne pensate? 

Comunque mi sembra che la temperatura si stia facendo incandescente, ieri ho mezzo litigato con una persona (di sinistra) al lavoro la cui linea di pensiero era praticamente: 

la Meloni è una codarda che non vuole mandare i soldati solo per tornaconto elettorale (perché se poi iniziano a tornare a casa in delle bare perde consensi), ma proprio perché l'UE non conta niente ci servirebbe qualche centinaio di morti per pesare di più nelle trattative 

ora non so se condividiate o meno, però mi ha colpito come posizioni così estreme (si può dire?) ora siano sulla bocca di comuni cittadini, gente normale insomma",friul1077,2025-02-18T04:41:22,57,191,https://reddit.com/r/Italia/comments/1is4kvh/leuropa_si_spacca_sullinvio_di_truppe_in_ucraina/,2025-02
1ijcj7q,Bper lancia un'ops sulla Popolare di Sondrio - Notizie,,Public-Paramedic8061,2025-02-06T20:29:24,2,2,https://reddit.com/r/Italia/comments/1ijcj7q/bper_lancia_unops_sulla_popolare_di_sondrio/,2025-02
1iik2v6,"Cade un elicottero nel Parmense, morto Lorenzo Rovagnati - Notizie",,Public-Paramedic8061,2025-02-05T20:33:59,1,1,https://reddit.com/r/Italia/comments/1iik2v6/cade_un_elicottero_nel_parmense_morto_lorenzo/,2025-02
1iiehj9,Notizie Italia e Mondo,,MiaRiva,2025-02-05T16:48:02,1,0,https://reddit.com/r/Italia/comments/1iiehj9/notizie_italia_e_mondo/,2025-02
1ihiz9c,"Medico usa la Tac in ospedale per salvare il gatto, accertamenti dell'Usl - Notizie - Ansa.it",Cosa ne pensate? Ha fatto bene o male date le circostanze riportate nell'articolo?,TuttoDaRifare,2025-02-04T14:33:16,4,37,https://reddit.com/r/Italia/comments/1ihiz9c/medico_usa_la_tac_in_ospedale_per_salvare_il/,2025-02
1idmjsb,"Il Pil dell'Italia è fermo, la disoccupazione sale al 6,2% - Notizie",,Public-Paramedic8061,2025-01-30T13:07:36,241,120,https://reddit.com/r/Italia/comments/1idmjsb/il_pil_dellitalia_è_fermo_la_disoccupazione_sale/,2025-01
1ibjb4n,https://www.ansa.it/sito/notizie/mondo/nordamerica/2025/01/23/inviato-trump-lue-al-massacro-se-non-aumenta-la-spesa-nato_cac483b8-a16f-4593-b8f8-80bc1e9dc1fe.html,,GraciousFighter,2025-01-27T20:34:38,1,0,https://reddit.com/r/Italia/comments/1ibjb4n/httpswwwansaitsitonotiziemondonordamerica20250123i/,2025-01
1i91z6n,Il fratello di Musk a Palazzo Chigi con Stroppa - Notizie,,SushiTornado,2025-01-24T18:15:09,22,17,https://reddit.com/r/Italia/comments/1i91z6n/il_fratello_di_musk_a_palazzo_chigi_con_stroppa/,2025-01
1i6uz79,Musk: 'Il saluto nazista? Trovino trucchetti migliori' - Notizie - Ansa.it,,_SilentGuy_,2025-01-21T22:15:15,1,1,https://reddit.com/r/Italia/comments/1i6uz79/musk_il_saluto_nazista_trovino_trucchetti/,2025-01
1hwcyp6,"Trump: 'Non escludo la forza per Panama e Groenlandia, gli alleati della nato spendano il 5%' - Notizie - Ansa.it",,mlbb-odd-ice,2025-01-08T05:58:48,1,0,https://reddit.com/r/Italia/comments/1hwcyp6/trump_non_escludo_la_forza_per_panama_e/,2025-01
1gf0loe,Dal 15% dei contribuenti il 63% delle imposte - Notizie - Ansa.it,"E niente che ve devo di... 
Il 45% degli italiani dichiara 0, voglio solo commenti da parte loro.",Independent-One929,2024-10-29T17:43:02,13,11,https://reddit.com/r/Italia/comments/1gf0loe/dal_15_dei_contribuenti_il_63_delle_imposte/,2024-10
1g9ald0,Subreddit di informazioni e notizie,,cuore_di_cera,2024-10-22T05:12:55,1,1,https://reddit.com/r/Italia/comments/1g9ald0/subreddit_di_informazioni_e_notizie/,2024-10
1g8xxps,"Istat: culle sempre più vuote, nuovo record negativo di nascite - Notizie","[https://www.ansa.it/sito/notizie/cronaca/2024/10/21/istat-culle-sempre-piu-vuote-nuovo-record-negativo-di-nascite\_134590d6-b105-4e90-b55a-d30a582ae209.html](https://www.ansa.it/sito/notizie/cronaca/2024/10/21/istat-culle-sempre-piu-vuote-nuovo-record-negativo-di-nascite_134590d6-b105-4e90-b55a-d30a582ae209.html)

  
Siamo fottuti, l'Italia, cosi'  come la conosciamo, in pochi decenni sparira'. Salvini, o chi ci sara' al suo posto fra 10 anni), portera' le barche sulle coste africane pregando in ginocchio gli emigranti di imbarcarsi per venire in Italia.

  
Situazione incredibilmente drammatica, e questo governo (che in passato ho votato, ora mai piu') pensa a limitare gli ingressi, limitare le nascite, zero politiche concrete per la famiglia (ma non sono i paladini della famiglia tradizionale?)

Non che i governi passati abbiamo fatto granche', anzi.

  
Si si, siam fottuti, la massa e la politica (che segue le masse invece di guidarle) non hanno ancora capito la gravita' della situazione, ormai penso irrecuperabile,",romanohere,2024-10-21T19:09:14,1,14,https://reddit.com/r/Italia/comments/1g8xxps/istat_culle_sempre_più_vuote_nuovo_record/,2024-10
1g4vnt8,Stop ai test per l'accesso a Medicina - Notizie - Ansa.it,,pensavopeggio,2024-10-16T09:54:30,3,3,https://reddit.com/r/Italia/comments/1g4vnt8/stop_ai_test_per_laccesso_a_medicina_notizie/,2024-10
1g3kh7j,Piccola inutile riflessione sulle notizie che leggiamo,"Leggo questo articolo:

https://www.romatoday.it/cronaca/cosa-e-successo-don-bosco-11-ottobre-2024.html

Guerriglia, Latinos, Bangladesi, Degrado, Quartiere ostaggio! Roba da far rizzare il pisellino a tutti quelli che Quando c'era LVI si stava meglio.

Stessa notte, il sottoscritto e' in taxi per andare all'aereoporto di Ciampino (tassista gentilissimo, mi ha fatto fattura senza problemi con la tariffa fissa concordata dal Comune e abbiamo chiacchierato tutto il tempo, would taxi again).

Ore 03:05, arriviamo a via Aracoeli, uno sputo da Piazza Venezia, pieno centro di Roma, davanti ad un locale che, nomen omen, si chiama EscoPazzo, becchiamo una rissa di circa 15 persone, perfettamente corredata di botte da orbi, urla cavernicole, pianto e stridore di denti.

Rimaniamo bloccati circa 15 minuti da questa follia (fortuna che sono previdente e sono partito per tempo), finche la rissa si sposta dalla strada al marciapiede, grazie anche al tipo in macchina davanti a noi che, evidentemente stufo, ha cominciato a fare i fari, suonare e far ruggire il motore, facendo scattini minacciosi con la macchina.

Notizie dell'avvenimento?

Nessuna.

Perche' queste cose ""succedono"" solo se ci sono gli ""immigrati"" di mezzo, non i fasciococainoplutocratici rampolli della cazzo di Roma Bene.

Grazie per aver partecipato al mio TED Talk.",buontempone,2024-10-14T16:48:49,12,14,https://reddit.com/r/Italia/comments/1g3kh7j/piccola_inutile_riflessione_sulle_notizie_che/,2024-10
1g0hg5b,"L'Unifil: ""Israele ha colpito tre nostre basi"". Due indonesiani feriti. Nel mirino anche il bunker con i soldati italiani - Notizie",,IlSassssaroli,2024-10-10T12:18:03,1,1,https://reddit.com/r/Italia/comments/1g0hg5b/lunifil_israele_ha_colpito_tre_nostre_basi_due/,2024-10
1g0ey50,"'Spiati i conti correnti di Meloni, Giambruno, La Russa' - Notizie",,Beneficial-Dingo3338,2024-10-10T09:35:29,21,11,https://reddit.com/r/Italia/comments/1g0ey50/spiati_i_conti_correnti_di_meloni_giambruno_la/,2024-10
1fvuvoe,Chiusa l'inchiesta su Chiara Ferragni: l'accusa è truffa aggravata - Notizie,,Beneficial-Dingo3338,2024-10-04T09:12:27,145,37,https://reddit.com/r/Italia/comments/1fvuvoe/chiusa_linchiesta_su_chiara_ferragni_laccusa_è/,2024-10
1fsd383,"Automobilisti, che radio ascoltate la mattina per le notizie?","Ciao,

come da titolo sono curioso di sapere che radio ascoltate la mattina/ durante la giornata in macchina per avere le principali notizie su politica ed economia, sia italiana sia internazionale. 

Chiedo perchè quelle 3/4 stazioni radio che conosco di solito danno pochissime notizie solo in fasce orarie ristrette, mentre quello che cerco io (per farvi un paragone) è la tipica radio ""americana"" che propina notizie a manetta. Di solito durante la giornata non ho mai tempo di leggere le ultime notizie, quindi una stazione radio che fa il recap di politica ed economia, con poche canzoni e pochi stacchi comici non mi dispiacerebbe ascoltarla (se esiste).

Grazie in anticipo per tutti i consigli :D",Valrion06,2024-09-29T19:52:00,6,45,https://reddit.com/r/Italia/comments/1fsd383/automobilisti_che_radio_ascoltate_la_mattina_per/,2024-09
1frl8qs,Via oggi al nuovo codice contro il telemarketing selvaggio - Notizie - Ansa.it,,mustard_ranger,2024-09-28T18:50:09,46,17,https://reddit.com/r/Italia/comments/1frl8qs/via_oggi_al_nuovo_codice_contro_il_telemarketing/,2024-09
1fq5kqj,Quali sono i migliori canali di commentatori di notizie in Italia?,"Studio l'italiano e cerco di seguire le notizie italiane. Tuttavia, sento la mancanza di commentatori, professori, filosofi, sociologi, ecc. che spieghino e interpretino le notizie, l'impatto sociale, la visione del popolo italiano.

In Brasile, le notizie sono generalmente accompagnate da una visione critica, e mi sembra che questi commentatori siano molto più visibili nei media brasiliani rispetto all'Italia... non riesco a trovarli.

Alcuni esempi di grandi canali brasiliani: 

* UOL. Notizie, con focus su commenti e discussioni (centro-sinistra). [https://www.youtube.com/@uol](https://www.youtube.com/@uol)
* TV Cultura. Notizie accompagnate da uno stimato filosofo di destra. [https://www.youtube.com/watch?v=IrToBX8iq8M](https://www.youtube.com/watch?v=IrToBX8iq8M) 
* Henry Bugalho. Scrittore laureato in filosofia. Fa riflessioni filosofiche sulle notizie più rilevanti. (centro-sinistra) [https://www.youtube.com/@HenryBugalho](https://www.youtube.com/@HenryBugalho) 
* Pirula. Scienziato. Chiarisce le polemiche su notizie riguardanti scienza, ambiente, religione e politica. (centro-sinistra) [https://www.youtube.com/@Pirulla25](https://www.youtube.com/@Pirulla25) 
* Fábio Chaves. Notizie su ambiente, diritti degli animali e veganismo. [https://www.youtube.com/@fabiochaves](https://www.youtube.com/@fabiochaves) 
* Meteoro Brasil. Uno dei maggiori canali di militanza tra sinistra ed estrema sinistra. Fa analisi pungenti, provocatorie e riflessive. [https://www.youtube.com/@MeteoroBrasil](https://www.youtube.com/@MeteoroBrasil)
* [https://www.youtube.com/watch?v=IrToBX8iq8M](https://www.youtube.com/watch?v=IrToBX8iq8M) 
* E forse conoscete, come esempio: Paul Joseph Watson. Militante di destra per alcuni, di estrema destra per altri. [https://www.youtube.com/@PrisonPlanetLive](https://www.youtube.com/@PrisonPlanetLive)

Insomma, sono tanti... Se vado su YouTube e cerco qualsiasi notizia dal Brasile, vedo subito molti commentatori e diverse interpretazioni. Ma se cerco notizie in italiano, vedo solo le notizie stesse. Perché mi sembra difficile trovare questo tipo di canali in italiano? Non sono così comuni?",Organic-Pipe7055,2024-09-26T20:06:22,5,1,https://reddit.com/r/Italia/comments/1fq5kqj/quali_sono_i_migliori_canali_di_commentatori_di/,2024-09
1fpw7z7,"Al fronte con i russi, lo chef italiano nel Donbass - Notizie",,Gladio_enjoyer,2024-09-26T13:29:40,1,0,https://reddit.com/r/Italia/comments/1fpw7z7/al_fronte_con_i_russi_lo_chef_italiano_nel/,2024-09
1fmtbpe,Quali quotidiani online permettono di commentare le notizie?,"Credo Repubblica e il Corriere permettessero i commenti molti anni fa, il Sole 24 ore fino a qualche anno fa, ilfattoquotidiano permette ancora di commentare, ma ho smesso di provarci anni fa visto che inspiegabilmente non venivano mai pubblicati. Il post come è messo? Altri siti?",Pristine_Swing6974,2024-09-22T13:30:52,4,6,https://reddit.com/r/Italia/comments/1fmtbpe/quali_quotidiani_online_permettono_di_commentare/,2024-09
1fj235i,"Complimenti a ""il Messaggero"" per il clamoroso tempismo nel dare le notizie",,Spinning_Sky,2024-09-17T15:24:45,17,3,https://reddit.com/r/Italia/comments/1fj235i/complimenti_a_il_messaggero_per_il_clamoroso/,2024-09
1fj1dyw,"Esplosi in contemporanea i cercapersone di miliziani Hezbollah, 'mille persone ferite in Libano e Siria' - Notizie",,IlSassssaroli,2024-09-17T14:56:59,103,105,https://reddit.com/r/Italia/comments/1fj1dyw/esplosi_in_contemporanea_i_cercapersone_di/,2024-09
1ff3mbv,"Liceo Made in Italy, non ci sarà nessuno stop - Notizie",,WarmNefariousness441,2024-09-12T14:15:15,16,20,https://reddit.com/r/Italia/comments/1ff3mbv/liceo_made_in_italy_non_ci_sarà_nessuno_stop/,2024-09
1fe4tur,Perché le notizie sul genocidio a Gaza vengono censurate come su r/Italy? Non doveva essere il sub contro la censura questo?,,votoPDOdiopoveri,2024-09-11T08:01:28,1,0,https://reddit.com/r/Italia/comments/1fe4tur/perché_le_notizie_sul_genocidio_a_gaza_vengono/,2024-09
1fb0v9h,"Alessandro Giuli nuovo ministro della Cultura, giornalista prestato alla politica - Notizie - Ansa.it",Chissà cosa ne pensa il popolo...,DaBimb0,2024-09-07T06:44:10,1,3,https://reddit.com/r/Italia/comments/1fb0v9h/alessandro_giuli_nuovo_ministro_della_cultura/,2024-09
1f90v1h,Il Consiglio dei ministri approva la riforma sulle concessioni balneari - Notizie - Ansa.it,"Incredibilmente sono riusciti a portarla a casa, concessioni rinnovate fino al 2027, con il benestare dell'Unione Europea, tutto ciò è magnifico, quasi onirico.",WarmNefariousness441,2024-09-04T18:33:17,1,3,https://reddit.com/r/Italia/comments/1f90v1h/il_consiglio_dei_ministri_approva_la_riforma/,2024-09
1f8rmiz,A Napoli in vendita Nutella vegana rubata destinata alla Francia - Notizie - Ansa.it,,DaMosqui,2024-09-04T12:08:53,110,37,https://reddit.com/r/Italia/comments/1f8rmiz/a_napoli_in_vendita_nutella_vegana_rubata/,2024-09
1f73lup,"2 SETTEMBRE 1980.   Scompaiono a Beirut, in un Libano dilaniato dalla guerra civile, i due giornalisti italiani Italo Toni e Graziella De Palo.    Di entrambi da allora non si sono più avute notizie certe.",,Asiablog,2024-09-02T10:39:16,25,0,https://reddit.com/r/Italia/comments/1f73lup/2_settembre_1980_scompaiono_a_beirut_in_un_libano/,2024-09
1f73l9b,"SETTEMBRE 1980 🇮🇹 🇱🇧

Scompaiono a Beirut, in un Libano dilaniato dalla guerra civile, i due giornalisti italiani Italo Toni e Graziella De Palo. 

Di entrambi da allora non si sono più avute notizie certe.",,Asiablog,2024-09-02T10:38:09,1,0,https://reddit.com/r/Italia/comments/1f73l9b/settembre_1980_scompaiono_a_beirut_in_un_libano/,2024-09
1eeu93u,"Meloni in Cina riallaccia il dialogo, focus sull'Ucraina - Notizie",,IlSassssaroli,2024-07-29T08:20:23,7,13,https://reddit.com/r/Italia/comments/1eeu93u/meloni_in_cina_riallaccia_il_dialogo_focus/,2024-07
1e8x3us,"Aggredito a Torino il giornalista della Stampa Andrea Joly, identificati 2 militanti di CasaPound - Notizie - Ansa.it","Aspetto con ansia i commenti tipo  ""Ə aLloRAh lA sAlIS , e kUelli dEi ciEntRi sOciAli!1!1?!?! e Il PD ?1!?!1?! e I mAroø !?!1?1!""  da parte degli utenti ""totalmente democratici"" e ""non fascisti"".",AnarchistPineapple,2024-07-21T21:27:37,7,13,https://reddit.com/r/Italia/comments/1e8x3us/aggredito_a_torino_il_giornalista_della_stampa/,2024-07
1e4lf9i,Perchè sui social nelle notizie sulla guerra in Ucraina quasi tutti i commenti sono filorussi?,,Technical_Ad_4299,2024-07-16T10:40:11,118,257,https://reddit.com/r/Italia/comments/1e4lf9i/perchè_sui_social_nelle_notizie_sulla_guerra_in/,2024-07
1dzup0d,Ciro Grillo si laurea in giurisprudenza a Genova con 110 e lode - Notizie,,DropRevolutionary399,2024-07-10T12:36:24,0,7,https://reddit.com/r/Italia/comments/1dzup0d/ciro_grillo_si_laurea_in_giurisprudenza_a_genova/,2024-07
1dy3xpt,"""Cervello fritto a causa di TikTok"", il grido d'allarme su Reddit sulla Generazione Z: ""Non riescono a stare attenti per più di 10-15 secondi, i social sono un problema di salute pubblica"" - Orizzonte Scuola Notizie",Orizzontescuola.it ha fatto un articolo su un post apparso ieri su questo subreddit,venanzio_gianporfiro,2024-07-08T08:40:10,29,21,https://reddit.com/r/Italia/comments/1dy3xpt/cervello_fritto_a_causa_di_tiktok_il_grido/,2024-07
1dxrowz,"""Cervello fritto a causa di TikTok"", il grido d'allarme su Reddit sulla Generazione Z: ""Non riescono a stare attenti per più di 10-15 secondi, i social sono un problema di salute pubblica"" - Orizzonte Scuola Notizie","Scorrendo le notizie di Google ho trovato un articolo sul post di oggi di u/Flora_295fidei. 

Volevo condividerlo 😊",Sam-2305,2024-07-07T21:37:14,11,3,https://reddit.com/r/Italia/comments/1dxrowz/cervello_fritto_a_causa_di_tiktok_il_grido/,2024-07
1dxohfx,"Francia, exit poll: 'Sinistra avanti, Le Pen terza. Nessuno ha la maggioranza assoluta'. Mélenchon: 'Il Nuovo Fronte Popolare deve governare' - Notizie - Ansa.it",,red_and_black_cat,2024-07-07T19:21:24,46,72,https://reddit.com/r/Italia/comments/1dxohfx/francia_exit_poll_sinistra_avanti_le_pen_terza/,2024-07
1dwvfqm,"Lega: 'Stop all'obbligo dei vaccini per minori, siano solo raccomandati' - Notizie - Ansa.it",Che ne pensate?,SovietUnion4L,2024-07-06T17:55:45,61,40,https://reddit.com/r/Italia/comments/1dwvfqm/lega_stop_allobbligo_dei_vaccini_per_minori_siano/,2024-07
1dvujmr,"Effetto Taylor Swift, boom del turismo a Milano - Notizie",,CartaDiCredito,2024-07-05T10:10:36,0,14,https://reddit.com/r/Italia/comments/1dvujmr/effetto_taylor_swift_boom_del_turismo_a_milano/,2024-07
1dr7369,Notizie imparziali,quali sono i quotidiani online/notiziari in cui vi informate su politica/economia/attualità italiana che diano informazioni in modo imparziale?,valezzz,2024-06-29T09:05:55,1,2,https://reddit.com/r/Italia/comments/1dr7369/notizie_imparziali/,2024-06
1dqgim5,Meloni: 'Infiltrarsi nei partiti è un metodo da regime' - Notizie,,DropRevolutionary399,2024-06-28T10:32:39,87,49,https://reddit.com/r/Italia/comments/1dqgim5/meloni_infiltrarsi_nei_partiti_è_un_metodo_da/,2024-06
1ddjzdd,"Il Papa a porte chiuse torna sulla frociaggine, 'è in Vaticano' - Notizie",,DropRevolutionary399,2024-06-11T17:35:22,94,57,https://reddit.com/r/Italia/comments/1ddjzdd/il_papa_a_porte_chiuse_torna_sulla_frociaggine_è/,2024-06
1dahedk,https://www.msn.com/it-it/notizie/mondo/lultima-spiaggia-tokyo-lancia-unapp-per-spingere-i-matrimoni/ar-BB1nOkKV,ok,Hifilover33,2024-06-07T18:04:58,1,0,https://reddit.com/r/Italia/comments/1dahedk/httpswwwmsncomititnotiziemondolultimaspiaggiatokyo/,2024-06
1d3cpwk,De Luca: 'Meloni ha comunicato la sua vera identità' - Notizie - Ansa.it,,Noa_Lang,2024-05-29T13:51:51,105,51,https://reddit.com/r/Italia/comments/1d3cpwk/de_luca_meloni_ha_comunicato_la_sua_vera_identità/,2024-05
1d1obvw,"Ravenna, ‘Scontro frontale tra due auto’, per cause misteriose. Non si sa chi guidasse [Ravenna Notizie]","# Ravenna, ‘Scontro frontale tra due auto’, per cause misteriose. Non si sa chi guidasse [Ravenna Notizie]

https://preview.redd.it/ca44p1ao2y2d1.png?width=616&format=png&auto=webp&s=3fa0118fe59853e6163b97f9a739e5ea5d3e7aae

# I giornalisti di cronaca quando descrivono gli incidenti stradali tendono a minimizzare, contenere, esorcizzare le responsabilità degli automobilisti. Qui un esempio sintetico ed interessante:

1. Auto **animate** nel titolo
2. **Vittime** protagoniste nel titolo
3. ‘Per cause *non ancora chiarite*, due auto si sono **scontrate frontalmente**‘.

https://preview.redd.it/e95xhy3r2y2d1.png?width=592&format=png&auto=webp&s=416f986457783c5254426769aefbe82b85cef8b8

Come può accadere che due auto si scontrino frontalmente? Nel mondo reale per due cause:

1. **Forse sorpasso azzardato** su una via a doppio senso
2. **Forse uno dei due automobilisti guidava contromano in un senso unico**, per di più a velocità eccessiva (altrimenti si sarebbe fermato in tempo per evitare lo scontro)

Siccome via Sant’Alberto a Ravenna è una strada provinciale a due corsie (per scoprirlo non occorrono grandi risorse di giornalismo investigativo: basta andare su [Google Maps](https://www.google.com/maps/place/Via+Sant'+Alberto,+Ravenna+RA/@44.4730456,12.1396392,10573m/data=!3m1!1e3!4m6!3m5!1s0x477dfc0856da6a75:0x1aa4afc13c8789c8!8m2!3d44.4755644!4d12.1798146!16s%2Fg%2F1tl7mkc5?entry=ttu)), la seconda ipotesi si può escludere.

In ogni caso, probabilmente dalla stampa le cause dello scontro non le sapremo mai.

Qualcuno può osservare che i giornali non possono mandare un inviato sul posto per ogni incidente stradale. Però si può evitare di pubblicare notizie trattate così superficialmente: se non hai informazioni non ne parli. Se ne parli, cerchi di fornire delle informazioni concrete e attendibili.

Inoltre, visto che nel titolo viene evidenziata la presenza di foto che rappresentano l’incidente, chi le ha fatte queste foto? E dalle foto pubblicate non è forse evidente che l’incidente probabilmente è stato causato da un sorpasso azzardato? Ma forse il cronista non poteva escludere l’ipotesi che le due auto stessero parcheggiando… ◆

Qui l’intero articolo: [**Tragico incidente stradale in Via Sant’Alberto. Scontro frontale tra due auto. Un morto e tre feriti foto.**](https://www.ravennanotizie.it/cronaca/2024/05/15/tragico-incidente-stradale-in-via-santalberto-scontro-frontale-tra-due-auto-una-persona-deceduta/)",Benzinazero,2024-05-27T10:18:16,0,15,https://reddit.com/r/Italia/comments/1d1obvw/ravenna_scontro_frontale_tra_due_auto_per_cause/,2024-05
1cynkba,"Insulti, bestemmie e schiaffi contro gli studenti in gita, autista di un pullman nei guai: occhio nero per un'alunna - Orizzonte Scuola Notizie",,TheGoldDoge,2024-05-23T08:06:17,36,15,https://reddit.com/r/Italia/comments/1cynkba/insulti_bestemmie_e_schiaffi_contro_gli_studenti/,2024-05
1ctarkf,Qual è la vostra fonte principale di notizie?,"TL;TR: consigliatemi un abbonamento online ad una testata giornalistica

Ciao a tutti, mi sono reso conto che causa studio e hobby (e basso interesse), mi ritrovo spesso ""fuori dal mondo"", non sapendo neanche cosa stia accadendo in Italia o all'estero. Volevo quindi iniziare a colmare la mia ignoranza facendo un qualche abbonamento ad un giornale online (il solo google news mi sembra dispersivo e finisco per non aprirlo mai). Tuttavia, ho raccolto solo pareri discordanti: ""noooo, quel giornale pubblica solo cose di destra"", ""ma no! quello ti dice solo quello che voglio dirti i poteri forti!1!!!1!"".

Cosa mi consigliereste? Vorrei che fosse il più imparziale possibile su tipo di notizie",Nice_Violinist4039,2024-05-16T11:33:51,4,20,https://reddit.com/r/Italia/comments/1ctarkf/qual_è_la_vostra_fonte_principale_di_notizie/,2024-05
1cqus6n,[Buone notizie] L'emergenza passaporti non è più un'emergenza,,teorm,2024-05-13T09:05:30,15,5,https://reddit.com/r/Italia/comments/1cqus6n/buone_notizie_lemergenza_passaporti_non_è_più/,2024-05
1cpdn0i,"Le chat di Chaouqui: ""Dobbiamo far sparire quella roba di Emanuela Orlandi"" - Notizie - Ansa.it",,WorldlyEye1,2024-05-11T09:32:12,89,36,https://reddit.com/r/Italia/comments/1cpdn0i/le_chat_di_chaouqui_dobbiamo_far_sparire_quella/,2024-05
1covdte,"Palestina membro dell'Onu, l'Assemblea generale del Palazzo di Vetro approva la risoluzione - Notizie",,Pure-Contact7322,2024-05-10T17:41:01,17,24,https://reddit.com/r/Italia/comments/1covdte/palestina_membro_dellonu_lassemblea_generale_del/,2024-05
1cm9ml0,"Buone notizie Telepass decide di modificare oggi il contratto unilateralmente, aumentando il prezzo del 120%, passando da 1,80€ a 3,90€ . Gli attuali clienti sono pressoché “obbligati” o a raddoppiare la spesa o a recedere dal contratto. 🤝",,Pure-Contact7322,2024-05-07T11:29:03,314,153,https://reddit.com/r/Italia/comments/1cm9ml0/buone_notizie_telepass_decide_di_modificare_oggi/,2024-05
1cklo0k,"Orari lunghi per il 10% dei lavoratori, 49 ore a settimana - Notizie - Ansa.it","Italiani ""stakanovisti"". Adesso pure l'Ansa prende per il culo i lavoratori. Dire sfruttati pare brutto.",Strong-Author-334,2024-05-05T07:21:44,134,66,https://reddit.com/r/Italia/comments/1cklo0k/orari_lunghi_per_il_10_dei_lavoratori_49_ore_a/,2024-05
1ck64ng,"Ucraina, Crosetto: 'Escluso un intervento diretto dei militari italiani' - Notizie",,Gladio_enjoyer,2024-05-04T17:50:54,52,110,https://reddit.com/r/Italia/comments/1ck64ng/ucraina_crosetto_escluso_un_intervento_diretto/,2024-05
1cehqlf,"Vannacci a tutto campo, classi separate per i disabili e su Mussolini 'uno statista' - Notizie - Ansa.it","Vannacci a tutto campo, classi separate per i disabili e su Mussolini 'uno statista'",Key-Difficulty-8869,2024-04-27T15:54:31,2,4,https://reddit.com/r/Italia/comments/1cehqlf/vannacci_a_tutto_campo_classi_separate_per_i/,2024-04
1cabot7,"basta politica e brutte notizie, guardate sta rana 😼",,NightOk8295,2024-04-22T14:06:33,912,138,https://reddit.com/r/Italia/comments/1cabot7/basta_politica_e_brutte_notizie_guardate_sta_rana/,2024-04
1c6inaz,Svenduti ad un euro l'uno i banchi a rotelle dell'era Covid - Notizie,,AostaValley,2024-04-17T19:23:18,93,39,https://reddit.com/r/Italia/comments/1c6inaz/svenduti_ad_un_euro_luno_i_banchi_a_rotelle/,2024-04
1c5o2iy,"Corriere della Sera: Iran - Israele, le notizie in diretta | Iran: «Se Israele attacca siamo pronti a usare un'arma mai utilizzata...",,valzan67,2024-04-16T18:53:29,1,1,https://reddit.com/r/Italia/comments/1c5o2iy/corriere_della_sera_iran_israele_le_notizie_in/,2024-04
1c21hkb,Assolto anche in appello l'oste che uccise un ladro - Notizie - Ansa.it,,Carmen_GB,2024-04-12T05:46:39,1,0,https://reddit.com/r/Italia/comments/1c21hkb/assolto_anche_in_appello_loste_che_uccise_un/,2024-04
1c0refq,"Rai, ma che fai? (TG3 e le notizie dall’America)","È appena finito un servizio, sul Tg3, sulla notizia del “giovane afro americano ucciso con 92 colpi di pistola”. Questo è il titolo. La spiegazione strappalacrime, poi fanno vedere il video dove il giovane non collabora con la polizia che gli chiede di abbassare il finestrino. Continua la spiegazione strappalacrime, con tanto di video della madre e della sorella e foto di lui con la toga che voleva diventare un giocatore di basket. Poi, piano piano, i dettagli:



- Ha sparato prima lui, ferendo un agente



- Precedenti penali per furto e l’acquisto e detenzione di un’arma da fuoco senza licenza



E la sorella si lamenta che doveva “solo essere un controllo del traffico”.



Secondo il Tg3 che cosa avrebbero dovuto fare i poliziotti? Lasciarlo andare? Dopo aver sparato a uno con un’arma detenuta illegalmente?



Il senso di questo servizio qual è, esattamente? Non c’è stato razzismo, non sono stati coinvolti italiani, il tutto è accaduto a Marzo. Perché fare un servizio adesso? In questo modo?",Important-Mail-907,2024-04-10T17:35:12,83,61,https://reddit.com/r/Italia/comments/1c0refq/rai_ma_che_fai_tg3_e_le_notizie_dallamerica/,2024-04
1bwjbi5,"Minaccia iraniana, chiusa l'ambasciata israeliana a Roma, e altre 30 sedi diplomatiche - Notizie",,Gladio_enjoyer,2024-04-05T14:23:29,1,0,https://reddit.com/r/Italia/comments/1bwjbi5/minaccia_iraniana_chiusa_lambasciata_israeliana_a/,2024-04
1bpf2h1,"Ciao a tutti, leggo sempre più notizie che parlano di Stellantis che lascia l'Italia. Secondo voi cosa rende così poco attraente il nostro paese per questa industria?",[https://www.ilpost.it/2024/03/27/stellantis-nuove-uscite-volontarie-anticipate/](https://www.ilpost.it/2024/03/27/stellantis-nuove-uscite-volontarie-anticipate/),Psico-Drama,2024-03-27T22:28:13,3,4,https://reddit.com/r/Italia/comments/1bpf2h1/ciao_a_tutti_leggo_sempre_più_notizie_che_parlano/,2024-03
1bf8n6u,giovanni allevi ultime notizie,,Plus-Version2355,2024-03-15T07:53:05,1,0,https://reddit.com/r/Italia/comments/1bf8n6u/giovanni_allevi_ultime_notizie/,2024-03
1begvjh,Quasi l'80% di chi cerca lavoro si rivolge a parenti e amici - Notizie,,Zemiriel,2024-03-14T09:06:23,11,9,https://reddit.com/r/Italia/comments/1begvjh/quasi_l80_di_chi_cerca_lavoro_si_rivolge_a/,2024-03
1bcya8k,Via libera finale del Pe alla direttiva sulle case green - Notizie,,Zemiriel,2024-03-12T14:15:29,4,13,https://reddit.com/r/Italia/comments/1bcya8k/via_libera_finale_del_pe_alla_direttiva_sulle/,2024-03
1bbapib,"Concorso scuola 2024, una docente incinta di 8 mesi: ""Resto precaria. La sede delle prove è troppo lontana per me e l'USR non ha mai risposto per venirmi incontro"" - Orizzonte Scuola Notizie",,vedinapoliepoimuori,2024-03-10T13:46:26,1,0,https://reddit.com/r/Italia/comments/1bbapib/concorso_scuola_2024_una_docente_incinta_di_8/,2024-03
1bbaocw,"Concorso scuola 2024, una docente incinta di 8 mesi: ""Resto precaria. La sede delle prove è troppo lontana per me e l'USR non ha mai risposto per venirmi incontro"" - Orizzonte Scuola Notizie",,NoFuture888,2024-03-10T13:44:52,1,0,https://reddit.com/r/Italia/comments/1bbaocw/concorso_scuola_2024_una_docente_incinta_di_8/,2024-03
1bb5490,"Il Papa, 'Kiev abbia il coraggio della bandiera bianca' - Notizie",,TheBigGiazzo,2024-03-10T08:05:08,1,102,https://reddit.com/r/Italia/comments/1bb5490/il_papa_kiev_abbia_il_coraggio_della_bandiera/,2024-03
1b8zoar,questo ragazzo ha fatto un sito dove traduce in italiano semplice delle notizie per chi sta imparando italiano,,delfinoesplosivo,2024-03-07T17:04:19,73,46,https://reddit.com/r/Italia/comments/1b8zoar/questo_ragazzo_ha_fatto_un_sito_dove_traduce_in/,2024-03
1b3pa07,"Pentagono: se Kiev perde la guerra, la Nato dovrà combattere contro la Russia - Notizie - Ansa.it",,Zemiriel,2024-03-01T08:21:30,118,333,https://reddit.com/r/Italia/comments/1b3pa07/pentagono_se_kiev_perde_la_guerra_la_nato_dovrà/,2024-03
1b2726j,'Apple abbandona i piani per la sua auto elettrica' - Notizie - Ansa.it,,Zemiriel,2024-02-28T14:15:48,7,8,https://reddit.com/r/Italia/comments/1b2726j/apple_abbandona_i_piani_per_la_sua_auto_elettrica/,2024-02
1b1651l,"Figlia morta di stenti, 'Pifferi era capace di intendere e volere' - Notizie - Ansa.it",,Zemiriel,2024-02-27T07:32:43,3,3,https://reddit.com/r/Italia/comments/1b1651l/figlia_morta_di_stenti_pifferi_era_capace_di/,2024-02
1b0sosj,"Sono vicini al Ministero. Visto le notizie di questa sera una folla con piú di 1000 studenti stanno manifestando contro la guerra in Palestina, e la reazione a manganellate da parte dei polizziotti verso teenagers e giovani dai 14 anni in su. Perciò ho creato una bandiera.",,Any-Trust-5352,2024-02-26T21:03:02,1,2,https://reddit.com/r/Italia/comments/1b0sosj/sono_vicini_al_ministero_visto_le_notizie_di/,2024-02
1b0cdwx,"'Piantedosi dimettiti', la mobilitazione degli studenti a Roma - Notizie - Ansa.it",,Zemiriel,2024-02-26T08:12:26,74,25,https://reddit.com/r/Italia/comments/1b0cdwx/piantedosi_dimettiti_la_mobilitazione_degli/,2024-02
1ayoxfg,Nel carcere di Padova si sperimentano le 'stanze dell'amore'. Ostellari: 'Propaganda' - Notizie - Ansa.it,,Zemiriel,2024-02-24T07:42:34,6,22,https://reddit.com/r/Italia/comments/1ayoxfg/nel_carcere_di_padova_si_sperimentano_le_stanze/,2024-02
1axxrfw,"Alunna si sente male a scuola, il papà pensa al peggio e si agita alla vista degli agenti di polizia. Nulla di grave però per la figlia - Orizzonte Scuola Notizie",,2b2tMysteries,2024-02-23T10:58:44,1,15,https://reddit.com/r/Italia/comments/1axxrfw/alunna_si_sente_male_a_scuola_il_papà_pensa_al/,2024-02
1ax2yw1,"'Navalny ucciso con un pugno al cuore, metodi da Kgb' - Notizie - Ansa.it",,Zemiriel,2024-02-22T10:08:55,3,11,https://reddit.com/r/Italia/comments/1ax2yw1/navalny_ucciso_con_un_pugno_al_cuore_metodi_da/,2024-02
1aws5j8,"Persone che vivete in piccole città, per quale motivo la vostra città è finita sulle principali testate di notizie?",,Phobos_-,2024-02-22T00:17:28,6,39,https://reddit.com/r/Italia/comments/1aws5j8/persone_che_vivete_in_piccole_città_per_quale/,2024-02
1awkcgy,'Navalny è stato ucciso con un pugno al cuore' - Notizie - Ansa.it,,PunishedPrigozio,2024-02-21T19:06:22,1,0,https://reddit.com/r/Italia/comments/1awkcgy/navalny_è_stato_ucciso_con_un_pugno_al_cuore/,2024-02
1awbl91,"Censis, per il 67% degli occupati la priorità è lavorare meno - Notizie - Ansa.it",Esito inaspettato dell'indagine del Censis 😲,Strong-Author-334,2024-02-21T13:06:05,12,1,https://reddit.com/r/Italia/comments/1awbl91/censis_per_il_67_degli_occupati_la_priorità_è/,2024-02
1aw63lh,"Frustate a un bimbo di 5 anni, fermate la madre e la 'zia' - Notizie - Ansa.it",,Zemiriel,2024-02-21T07:21:12,54,33,https://reddit.com/r/Italia/comments/1aw63lh/frustate_a_un_bimbo_di_5_anni_fermate_la_madre_e/,2024-02
1avbxxr,"Pm10 oltre i limiti, in Lombardia scattano le misure anti smog in 9 province - Notizie - Ansa.it",,Zemiriel,2024-02-20T07:32:35,19,23,https://reddit.com/r/Italia/comments/1avbxxr/pm10_oltre_i_limiti_in_lombardia_scattano_le/,2024-02
1av0h06,Avete visto le notizie di Assange?,"Veramente raccapricciante, null'altro da dire.",Br2an,2024-02-19T22:15:46,1,45,https://reddit.com/r/Italia/comments/1av0h06/avete_visto_le_notizie_di_assange/,2024-02
1ascu97,"Strage in famiglia, la figlia superstite fermata per omicidio - Notizie - Ansa.it",,Zemiriel,2024-02-16T16:30:40,1,1,https://reddit.com/r/Italia/comments/1ascu97/strage_in_famiglia_la_figlia_superstite_fermata/,2024-02
1as40ze,"No della Cassazione, inammissibile l'istanza sui reperti del caso di Yara Gambirasio - Notizie - Ansa.it",,Zemiriel,2024-02-16T08:48:06,5,14,https://reddit.com/r/Italia/comments/1as40ze/no_della_cassazione_inammissibile_listanza_sui/,2024-02
1arjbw8,"Corte d'Appello, sulla carta d'identità ok genitore 1 e 2 - Notizie - Ansa.it",,Zemiriel,2024-02-15T16:24:21,15,51,https://reddit.com/r/Italia/comments/1arjbw8/corte_dappello_sulla_carta_didentità_ok_genitore/,2024-02
1ara7ty,"Via libera alla Commissione Covid tra accuse e insulti, Conte a FdI: 'Bugiardi' - Notizie - Ansa.it",,Zemiriel,2024-02-15T07:42:17,2,10,https://reddit.com/r/Italia/comments/1ara7ty/via_libera_alla_commissione_covid_tra_accuse_e/,2024-02
1aqnwy2,Scudo erariale per funzionari pubblici prorogato di 6 mesi - Notizie - Ansa.it,,Zemiriel,2024-02-14T14:17:46,2,0,https://reddit.com/r/Italia/comments/1aqnwy2/scudo_erariale_per_funzionari_pubblici_prorogato/,2024-02
1aqi91k,"Multe cancellate in cambio di regali, 46 indagati a Lecce - Notizie - Ansa.it",,Zemiriel,2024-02-14T08:36:16,6,0,https://reddit.com/r/Italia/comments/1aqi91k/multe_cancellate_in_cambio_di_regali_46_indagati/,2024-02
1ap5p7i,Pubblica foto choc contro Meloni poi si scusa: 'Immagine di pessimo gusto' - Notizie - Ansa.it,,Zemiriel,2024-02-12T17:36:38,1,26,https://reddit.com/r/Italia/comments/1ap5p7i/pubblica_foto_choc_contro_meloni_poi_si_scusa/,2024-02
1aou84w,Tortura e uccide moglie e due figli: 'Li ho liberati da Satana' - Notizie - Ansa.it,,2b2tMysteries,2024-02-12T07:11:06,39,41,https://reddit.com/r/Italia/comments/1aou84w/tortura_e_uccide_moglie_e_due_figli_li_ho/,2024-02
1ant1dc,"I titoli delle notizie della homepage di Google, quelle che creano emozioni contrastanti di ilarità e vergogna",,aLonelyIshmael1975,2024-02-10T23:04:01,1,0,https://reddit.com/r/Italia/comments/1ant1dc/i_titoli_delle_notizie_della_homepage_di_google/,2024-02
1ankd2s,"Solo a me da un botto fastidio che Sanremo venga spammato da ogni parte su internet? persino la sezione notizie YT è intasata.. E pensare che io ho skippato l'evento e anche le controversie, ergo non dovrebbe consigliarmi niente coi feed. Questo fa capire quanto ha speso la Rai per pubblicizzarlo",,Hikari_S4N,2024-02-10T16:40:01,20,15,https://reddit.com/r/Italia/comments/1ankd2s/solo_a_me_da_un_botto_fastidio_che_sanremo_venga/,2024-02
1ank467,"Solo a me da un botto fastidio che Sanremo venga spammato da ogni parte su internet? persino la sezione notizie YT è intasata.. E pensare che io ho skippato l'evento e anche le controversie, ergo non dovrebbe consigliarmi niente coi feed. Questo fa capire quanto ha speso la Rai per pubblicizzarlo",,Hikari_S4N,2024-02-10T16:28:35,1,1,https://reddit.com/r/Italia/comments/1ank467/solo_a_me_da_un_botto_fastidio_che_sanremo_venga/,2024-02
1ammjqg,"Gli alunni non sanno più scrivere in corsivo. Una docente: ""Scrivono solo se costretti, così limitate capacità di pensiero e di apprendimento"" - Orizzonte Scuola Notizie",,2b2tMysteries,2024-02-09T11:59:49,167,376,https://reddit.com/r/Italia/comments/1ammjqg/gli_alunni_non_sanno_più_scrivere_in_corsivo_una/,2024-02
1alzpuo,"Insegnante separa alunni durante una lite per la loro incolumità, i genitori la denunciano e processo arriva in Cassazione. Ecco cosa hanno detto i giudici - Orizzonte Scuola Notizie",,2b2tMysteries,2024-02-08T16:32:18,9,17,https://reddit.com/r/Italia/comments/1alzpuo/insegnante_separa_alunni_durante_una_lite_per_la/,2024-02
1als61l,"Classe va a vedere uno spettacolo sull'inclusività, ma studentessa affetta da tetraparesi non può andare perché manca pulmino adatto. La mamma denuncia ai Carabinieri - Orizzonte Scuola Notizie",,2b2tMysteries,2024-02-08T09:49:08,344,72,https://reddit.com/r/Italia/comments/1als61l/classe_va_a_vedere_uno_spettacolo_sullinclusività/,2024-02
1alq00u,"Preside preso a pugni, le sue parole: ""I genitori credono ciecamente ai figli. Siamo di fronte a un deserto educativo. Riportare il senso della bellezza delle regole"" - Orizzonte Scuola Notizie",,2b2tMysteries,2024-02-08T07:13:03,174,175,https://reddit.com/r/Italia/comments/1alq00u/preside_preso_a_pugni_le_sue_parole_i_genitori/,2024-02
1ak3o2u,"Prof accoltellata a scuola, arrestato uno studente 17enne - Notizie - Ansa.it",,Zemiriel,2024-02-06T06:48:45,22,8,https://reddit.com/r/Italia/comments/1ak3o2u/prof_accoltellata_a_scuola_arrestato_uno_studente/,2024-02
1ac5iz8,"Assolto Zuncheddu, libero dopo 33 anni di carcere - Notizie - Ansa.it",,Zemiriel,2024-01-27T07:39:14,7,0,https://reddit.com/r/Italia/comments/1ac5iz8/assolto_zuncheddu_libero_dopo_33_anni_di_carcere/,2024-01
1abdrgp,"Piantedosi, valutare il rinvio dei cortei pro Palestina - Notizie - Ansa.it",,Zemiriel,2024-01-26T08:35:29,1,4,https://reddit.com/r/Italia/comments/1abdrgp/piantedosi_valutare_il_rinvio_dei_cortei_pro/,2024-01
1abc7lc,"Adi al via per 287mila famiglie, respinto il 26% delle domande - Notizie - Ansa.it",,Zemiriel,2024-01-26T06:47:18,3,7,https://reddit.com/r/Italia/comments/1abc7lc/adi_al_via_per_287mila_famiglie_respinto_il_26/,2024-01
19fbiy3,Trudi rompe il silenzio sulla bambola di Chiara Ferragni | Notizie.it,,unodinoi6,2024-01-25T15:11:38,1,0,https://reddit.com/r/Italia/comments/19fbiy3/trudi_rompe_il_silenzio_sulla_bambola_di_chiara/,2024-01
19eaxln,"Primo sì all'Autonomia, ma è bagarre in Aula - Notizie - Ansa.it",,Zemiriel,2024-01-24T06:44:57,1,4,https://reddit.com/r/Italia/comments/19eaxln/primo_sì_allautonomia_ma_è_bagarre_in_aula/,2024-01
19dk27x,Chiara Ferragni risponde di truffa anche per le uova di Pasqua Dolci Preziosi e la bambola Trudi - Notizie - Ansa.it,,Zemiriel,2024-01-23T08:49:50,1,4,https://reddit.com/r/Italia/comments/19dk27x/chiara_ferragni_risponde_di_truffa_anche_per_le/,2024-01
19di9l7,"'Un uomo normale guarda il bel culo di una donna...', nuova bufera sul sindaco di Terni - Notizie - Ansa.it",,Zemiriel,2024-01-23T06:43:35,1,27,https://reddit.com/r/Italia/comments/19di9l7/un_uomo_normale_guarda_il_bel_culo_di_una_donna/,2024-01
19bcc4u,"Nuovo autovelox abbattuto in Veneto, in provincia di Padova - Notizie - Ansa.it",,Zemiriel,2024-01-20T13:58:04,46,9,https://reddit.com/r/Italia/comments/19bcc4u/nuovo_autovelox_abbattuto_in_veneto_in_provincia/,2024-01
19acv7l,Cassazione: 'Contro il saluto romano applicare la legge Scelba'. La Russa: 'La sentenza si commenta da sola' - Notizie - Ansa.it,,Zemiriel,2024-01-19T06:43:05,1,1,https://reddit.com/r/Italia/comments/19acv7l/cassazione_contro_il_saluto_romano_applicare_la/,2024-01
19a19xz,Polemica sul calendario dell'Esercito. Avs: 'Riabilita il Ventennio'. L'Anpi: 'Ritirarlo' - Notizie.,"Interrogazione di Grimaldi a Crosetto sul titolo 'prima e dopo l'8 settembre 1943'. Il ministro della Difesa: 'Non riabilita il fascismo, polemiche pretestuose'. 


Ma certo il fascismo in Italia non esiste più! Ma qualche settimana fa ad Acca Larentia non c'era nessuno... Eh...",InevitableJob99,2024-01-18T21:23:10,1,0,https://reddit.com/r/Italia/comments/19a19xz/polemica_sul_calendario_dellesercito_avs/,2024-01
199mclh,Wsj: Cina mappò virus Covid due settimane prima di annunciarlo - Notizie - Ansa.it,,Zemiriel,2024-01-18T09:35:02,45,33,https://reddit.com/r/Italia/comments/199mclh/wsj_cina_mappò_virus_covid_due_settimane_prima_di/,2024-01
198ykw6,"Sfruttamento del lavoro, commissariata l'azienda di moda Alviero Martini - Notizie - Ansa.it",,Zemiriel,2024-01-17T15:03:45,6,2,https://reddit.com/r/Italia/comments/198ykw6/sfruttamento_del_lavoro_commissariata_lazienda_di/,2024-01
198r5xr,Caso Pozzolo: il prefetto revoca il porto d'armi al deputato FdI - Notizie - Ansa.it,,Zemiriel,2024-01-17T07:40:49,2,3,https://reddit.com/r/Italia/comments/198r5xr/caso_pozzolo_il_prefetto_revoca_il_porto_darmi_al/,2024-01
195hzfg,"Perquisite le case di Sgarbi, sequestrato il quadro di Manetti - Notizie - Ansa.it",,Zemiriel,2024-01-13T06:52:01,12,0,https://reddit.com/r/Italia/comments/195hzfg/perquisite_le_case_di_sgarbi_sequestrato_il/,2024-01
193vzzv,"Caso Ferragni, arriva la stretta dell'Agcom sugli influencer - Notizie - Ansa.it",,Zemiriel,2024-01-11T07:28:30,12,11,https://reddit.com/r/Italia/comments/193vzzv/caso_ferragni_arriva_la_stretta_dellagcom_sugli/,2024-01
1932u3m,"Ddl Nordio: Commissione Senato, ok all'art.1, via l'abuso d'ufficio - Notizie - Ansa.it",,Zemiriel,2024-01-10T07:39:07,8,5,https://reddit.com/r/Italia/comments/1932u3m/ddl_nordio_commissione_senato_ok_allart1_via/,2024-01
192mp8h,Modena revoca la sala al polemico evento filo-russo - Notizie,,Gladio_enjoyer,2024-01-09T19:10:02,1,0,https://reddit.com/r/Italia/comments/192mp8h/modena_revoca_la_sala_al_polemico_evento/,2024-01
192jbnt,"Gabriel Attal nuovo premier francese, il più giovane della Quinta Repubblica - Notizie - Ansa.it",,Zemiriel,2024-01-09T16:54:41,2,8,https://reddit.com/r/Italia/comments/192jbnt/gabriel_attal_nuovo_premier_francese_il_più/,2024-01
190vonr,Da 20 mesi in carcere per estorsione di 2 euro - Notizie - Ansa.it,,Zemiriel,2024-01-07T16:18:57,1,9,https://reddit.com/r/Italia/comments/190vonr/da_20_mesi_in_carcere_per_estorsione_di_2_euro/,2024-01
18ym87w,https://multiplayer.it/notizie/infestation-88-cambia-nome-infestation-origins-dopo-accuse-antisemitismo.html,,Unfair_Neck8673,2024-01-04T19:55:31,1,0,https://reddit.com/r/Italia/comments/18ym87w/httpsmultiplayeritnotizieinfestation88cambianomein/,2024-01
18wr2mb,Pozzolo si è rifiutato di sottoporsi al test della polvere da sparo. Nessuna querela presentata dal ferito - Notizie,,TheBigGiazzo,2024-01-02T14:46:48,1,55,https://reddit.com/r/Italia/comments/18wr2mb/pozzolo_si_è_rifiutato_di_sottoporsi_al_test/,2024-01
18vutif,"FantaDita, Muore una donna colpita da una pallottola mentre festeggiava ad Afragola - Notizie",,AostaValley,2024-01-01T11:20:13,1,35,https://reddit.com/r/Italia/comments/18vutif/fantadita_muore_una_donna_colpita_da_una/,2024-01
18trza3,"Doppiette ai sedicenni, ritirata la proposta di legge in Senato su richiesta di Lollobrigida - Notizie - Ansa.it",,Zemiriel,2023-12-29T17:10:28,1,0,https://reddit.com/r/Italia/comments/18trza3/doppiette_ai_sedicenni_ritirata_la_proposta_di/,2023-12
18srt8j,"Clima, nel 2023 378 eventi estremi in Italia, il 22% in più - Notizie - Ansa.it",,Zemiriel,2023-12-28T11:29:39,3,8,https://reddit.com/r/Italia/comments/18srt8j/clima_nel_2023_378_eventi_estremi_in_italia_il_22/,2023-12
18sogtl,New York Times fa causa a OpenAI e Microsoft sull'uso del copyright - Notizie - Ansa.it,,Zemiriel,2023-12-28T07:50:03,2,0,https://reddit.com/r/Italia/comments/18sogtl/new_york_times_fa_causa_a_openai_e_microsoft/,2023-12
18s48js,Iceberg sulle notizie più sconcertanti in Italia (fatto da me),,cancelled_biscotto,2023-12-27T16:13:10,1,2,https://reddit.com/r/Italia/comments/18s48js/iceberg_sulle_notizie_più_sconcertanti_in_italia/,2023-12
18nlo1m,"Lo chef di Clerici 'vino per stordire la preda', è bufera - Notizie",,AostaValley,2023-12-21T12:13:57,1,47,https://reddit.com/r/Italia/comments/18nlo1m/lo_chef_di_clerici_vino_per_stordire_la_preda_è/,2023-12
18mu677,"A me questa storia non torna: In carcere il presunto assassino, forti indizi di premeditazione - Notizie - Ansa.it","Lei 27enne, si è sposata con il marito nel 2012, quindi a 16 anni? Il marito ha trovato il corpo alle 12 ma solo il vicino ha dato l'allarme alle 14? Una relazione con un uomo kosovaro mentre era sposata, forse è rimasta incinta da lui?

Questa storia puzza, per quanto ovviamente è terribile che un'altra donna è stata uccisa.",bunnytryingreddit,2023-12-20T13:06:50,1,2,https://reddit.com/r/Italia/comments/18mu677/a_me_questa_storia_non_torna_in_carcere_il/,2023-12
18msect,"Caso la Russa jr, spuntano i video girati con i telefonini - Notizie - Ansa.it",,Zemiriel,2023-12-20T11:23:53,1,38,https://reddit.com/r/Italia/comments/18msect/caso_la_russa_jr_spuntano_i_video_girati_con_i/,2023-12
18m9u2c,"Saman: ergastolo ai genitori, 14 anni allo zio, assolti cugini - Notizie - Ansa.it",,Zemiriel,2023-12-19T19:13:15,5,1,https://reddit.com/r/Italia/comments/18m9u2c/saman_ergastolo_ai_genitori_14_anni_allo_zio/,2023-12
18kjlc2,Altro spunto di riflessione dalle notizie fresche dei miei feeds...,,ftrx,2023-12-17T15:22:52,1,1,https://reddit.com/r/Italia/comments/18kjlc2/altro_spunto_di_riflessione_dalle_notizie_fresche/,2023-12
18jqe9s,Per un buon WE: markettari spaventati che la gente si senta spiata e notizie di spionaggi vari,"Ovvero una carrellata di capitalismo di sorveglianza dai miei feeds di stamattina...

 - si inizia con https://arstechnica.com/?p=1991469 tanti markettari che cominciano ad aver paura: il bipede medio inizia a rendersi conto che le macrospie smart-device non sono esattamente fatte per servirlo ma appunto per spiarlo... Potrà mai toccar le vendite questo barlume di consapevolezza? Potrà il bipede medio sentirsi turbato dall'aver Alexa sul comodino mentre tromba con la smart-TV webcamizzata davanti al letto?

 - poi un'altra notizia di enti pubblici che comprano spionaggi privati, ovvero https://www.wsj.com/tech/cybersecurity/how-ads-on-your-phone-can-aid-government-surveillance-943bde04 la Marina USA, si la Marina Militare USA che compra dati di geolocalizzazione, profili ecc, o meglio l'accesso ad uno di questi servizi di spionaggio, pardon, ads, da un'azienda privata https://www.ncontext.com/ che in effetti è di un grande privato contractors delle FF.AA. USA la Sierra Nevada Corporation (SNC) già nota per https://www.c4isrnet.com/intel-geoint/isr/2023/11/14/sierra-nevada-to-supply-us-army-with-intel-gathering-jets-in-554m-deal/ ma anche https://www.sncorp.com/news-archive/us-army-selects-snc-northrop-grumman-to-provide-integrated-cema-capabilities/ e pure https://www.dni.gov/files/ODNI/documents/assessments/ODNI-Declassified-Report-on-CAI-January2022.pdf

 - poi arrivo a https://arstechnica.com/?p=1991239 con le Ubiquiti IP Cam che stremmano confondendo gli utenti, ovvero tu vedi il filmato della cam in camera da letto del tuo vicino, ma tranquilli sono ""cloud privati"", appunto...

'Somma un piccolo spicchietto dai feeds di STAMATTINA sullo stato delle cose e qui la domanda: cari redditors MA QUANDO DIRETE BASTA?! Intendo quando proporrete come faccio io una protesta a selvaggia che imponga a furor di popolo software libero ed open hardware considerando crimine contro l'umanità il capitalismo di sorveglianza, crimine quindi la vendita di dispositivi connessi al vendor/OEM non già al formale proprietario, non sotto il pieno controllo di questo ecc?",ftrx,2023-12-16T12:39:51,1,29,https://reddit.com/r/Italia/comments/18jqe9s/per_un_buon_we_markettari_spaventati_che_la_gente/,2023-12
18ea9no,"Fuga dal Mezzogiorno, più lavoro ma sempre più povero - Notizie - Ansa.it",,InjunJoe_,2023-12-09T09:55:14,1,0,https://reddit.com/r/Italia/comments/18ea9no/fuga_dal_mezzogiorno_più_lavoro_ma_sempre_più/,2023-12
18ea9ib,"Fuga dal Mezzogiorno, più lavoro ma sempre più povero - Notizie - Ansa.it",,InjunJoe_,2023-12-09T09:54:57,9,2,https://reddit.com/r/Italia/comments/18ea9ib/fuga_dal_mezzogiorno_più_lavoro_ma_sempre_più/,2023-12
18crdmm,"Stop al salario minimo, ok della Camera alla delega al governo - Notizie - Ansa.it",,Zemiriel,2023-12-07T08:45:05,28,6,https://reddit.com/r/Italia/comments/18crdmm/stop_al_salario_minimo_ok_della_camera_alla/,2023-12
18cbbrl,"Valditara: ""Stop ai diplomifici con il piano di vigilanza, controlli focalizzati in: Campania, Lazio e Sicilia - Notizie",,John_Stuart_Mill_01,2023-12-06T19:01:14,18,5,https://reddit.com/r/Italia/comments/18cbbrl/valditara_stop_ai_diplomifici_con_il_piano_di/,2023-12
18bd7eq,Crolla la preparazione degli studenti in tutto il mondo - Notizie - Ansa.it,,controlsys,2023-12-05T14:30:02,13,9,https://reddit.com/r/Italia/comments/18bd7eq/crolla_la_preparazione_degli_studenti_in_tutto_il/,2023-12
18ahy4u,Tre notizie tanto per aprire la settimana,"La prima

https://bnn.network/world/ukraine/investigation-reveals-hazardous-waste-disposal-agreement-between-alexander-soros-and-ukrainian-authorities/

la seconda

https://jacobin.com/2023/12/big-tech-mental-health-data-collection-colonization/

e sullo sfondo 

http://www.intellinews.com/long-read-the-boomerang-effect-sanctions-hurt-europe-more-than-russia-300760/

Questo per dire: da un po' passa qualche post ""come informarsi"", ""quali fonti"", ... beh, sono tre spunti per non fare un muro di links giusto per suggerire. Le fonti sono la BNN (Business News Network) di Bloomberg altrimenti noto come Il Sole 24 Ore statunitense, la seconda è un giornale decisamente a sinistra, tra i pochi dell'area in USA, la terza è ora in area Bloomberg, ex agenzia tedesca ritenuta un po' in linea con l'Economist... Sono giusto tre esempi di notizie fresche per mostrare una certa faccia del mondo che non troverete sull'ANSA o su Repubblica ma che certo non è ""dei BRICS+"" e che se seguite via feeds permette una certa informazione.

Fateci un pensierino e se volete condividete le vostre fonti, se siete interessati posso condividere le mie rigorosamente pescate da ogni colore politico dello spettro, tra soggetti noti e marginale di vari paesi del mondo.",ftrx,2023-12-04T11:06:40,1,41,https://reddit.com/r/Italia/comments/18ahy4u/tre_notizie_tanto_per_aprire_la_settimana/,2023-12
189uz8o,Vannacci capo di stato maggiore del comando forze operative terrestri - Notizie,,John_Stuart_Mill_01,2023-12-03T14:47:00,32,43,https://reddit.com/r/Italia/comments/189uz8o/vannacci_capo_di_stato_maggiore_del_comando_forze/,2023-12
189s33i,"Stoltenberg, 'prepararsi anche a cattive notizie dall'Ucraina'",,In_der_Tat,2023-12-03T11:59:21,15,68,https://reddit.com/r/Italia/comments/189s33i/stoltenberg_prepararsi_anche_a_cattive_notizie/,2023-12
185ybf7,Subreddit di una città italiana pone il divieto di postare notizie negative,,Icy-Law3978,2023-11-28T15:13:52,1,1,https://reddit.com/r/Italia/comments/185ybf7/subreddit_di_una_città_italiana_pone_il_divieto/,2023-11
184zmfq,Il governo cinese esclude l'ipotesi di un nuovo virus - Notizie,,John_Stuart_Mill_01,2023-11-27T10:08:06,30,49,https://reddit.com/r/Italia/comments/184zmfq/il_governo_cinese_esclude_lipotesi_di_un_nuovo/,2023-11
184gosu,"Roma crede in Expo 2030, 'occasione per cambiare la città' - Notizie",,John_Stuart_Mill_01,2023-11-26T18:06:27,3,7,https://reddit.com/r/Italia/comments/184gosu/roma_crede_in_expo_2030_occasione_per_cambiare_la/,2023-11
1817buy,"'Frecciarossa in ritardo, fermata ad hoc per Lollobrigida' - Notizie - Ansa.it","""Why always me?""",Efficiency-Holiday,2023-11-22T11:47:58,18,5,https://reddit.com/r/Italia/comments/1817buy/frecciarossa_in_ritardo_fermata_ad_hoc_per/,2023-11
17swgyf,https://www.ansa.it/sito/notizie/economia/2023/11/10/salvini-pronto-a-precettare-per-sciopero-dei-trasporti-del-17_c18c1b30-aa09-4b62-b614-397e3f05bd81.html,,[deleted],2023-11-11T15:15:23,1,0,https://reddit.com/r/Italia/comments/17swgyf/httpswwwansaitsitonotizieeconomia20231110salvinipr/,2023-11
17ml04q,"Ciao a tutti, ho realizzato un'APP per la traduzione di contenuti [Aikii], che consente di visualizzare le tendenze globali e le notizie in varie lingue nella propria lingua madre, e le visualizza in modo bilingue, supportando la traduzione reciproca in più di 30 lingue popolari in tutto il mondo.",,Radiant_Elevator_143,2023-11-03T02:41:24,1,4,https://reddit.com/r/Italia/comments/17ml04q/ciao_a_tutti_ho_realizzato_unapp_per_la/,2023-11
17it5r2,"Non leggo le notizie, non so nulla dell'Italia. Sbaglio? Sono l'unico?","Ho circa 30 anni, sono almeno 12 che non guardo il telegiornale (o la TV in generale), non leggo notizie di attualità online, non ho mai comprato il giornale, non ho la minima idea di quello che succede in Italia.

Le grosse notizie ovviamente le assorbo per osmosi, principalmente tramite qualche meme condiviso sui vari gruppi di whatsapp. So che c'è la guerra in Ucraina, so che è morto Berlusconi.

A parte questo però vi saprei dire poco altro, non so chi sia l'attuale presidente (abbiamo ancora il presidente? o siamo passati alla monarchia?), non so quali siano i partiti politici, non saprei dirvi il nome di una persona italiana diventata famosa negli utlimi 10 anni. Non voto, ovviamente.

Paradossalmente mi interessa la storia, non ho problemi a spararmi un documentario di 2 ore sulla guerra fredda mentre pulisco la casa il weekend, mi sono guardato [Inside Job](https://www.imdb.com/title/tt1645089/) forse 3 volte. Però di guardarmi il notiziario dove do già per scontato che verranno dette cose che non mi influenzeranno in maniera tangibile o che comunque io non potrò influenzare mi pare una gran perdita di tempo. Preferirei fare fast-forward 10 anni e leggermi un riassunto dei punti salienti. Lo stesso vale per reddit, scorrendo brevemente i vari thread, o non capivo di chi/cosa si stesse parlando o non mi interessava l'argomento.

Sicuramente non mi da fastidio essere informato, penso che quello che mi dia fastidio sia il basso rapporto tra tempo speso e qualità/quantià dell'informazione nel leggere tutti i giorni le notizie.  
Ho tante cose che mi piacciono fare e mai abbastanza tempo per farle, come conseguenza ho deciso di dedicare esattamente 0 minuti all'informarmi su quello che succede nel mondo.

Sbaglio? Potrebbe la mia vita cambiare in meglio se iniziassi ad informarmi su quello che succede in Italia e nel mondo? C'è qualcun altro in una situazione simile? sono curioso di leggere le vostre opinioni.

Inb4 potevi leggerti le notizie al posto di scrivere questo post.",un_due_kek,2023-10-29T02:20:33,2,50,https://reddit.com/r/Italia/comments/17it5r2/non_leggo_le_notizie_non_so_nulla_dellitalia/,2023-10
17iexq1,"Vorrei essere meglio informato su avvenimenti di attualità italiana ed estera, dove posso trovare regolarmente fonti e notizie attendibili e di qualità?","Cercare notizie singolarmente su Google che non siano mal-indagate e/o di parte è estenuante e richiede tempo che non ho, preferirei piattaforme per notizie ad-hoc

Come da titolo, mi sono accorto che la mia conoscenza della politica mondiale è scarsetta, specialmente quando si parla di avvenimenti recenti (ultimi 15 anni)

Non sono abbonato a nessun quotidiano italiano o estero ma non sarebbe un problema spendere qualche soldino per informazioni di qualità

Avete siti/giornali/blog da consigliarmi?",angrymustacheman,2023-10-28T14:28:32,1,6,https://reddit.com/r/Italia/comments/17iexq1/vorrei_essere_meglio_informato_su_avvenimenti_di/,2023-10
17h9le0,ultime notizie,Il Primo Ministro indiano Modi viene ricattato per convincerlo a sostenere Israele poiché il loro software Pegasus è stato utilizzato per rubare i nudi del Primo Ministro Meloni hackerando il suo iPhone,Bleu_boye,2023-10-26T23:16:29,0,1,https://reddit.com/r/Italia/comments/17h9le0/ultime_notizie/,2023-10
17flip3,"Sono morti tutti e tre i cittadini italiani di cui non si aveva notizie dopo l'attacco di Hamas in Israele, la Farnesina conferma",,DurangoGango,2023-10-24T19:47:34,107,150,https://reddit.com/r/Italia/comments/17flip3/sono_morti_tutti_e_tre_i_cittadini_italiani_di/,2023-10
17dhraq,Sto leggendo un sacco di notizie del 18app che ha finito i soldi. Cosa significa?,"Io avevo ancora soldi sopra e non riesco ad accedere, li ho persi?",PhoenixGirlPilot,2023-10-22T01:20:25,28,76,https://reddit.com/r/Italia/comments/17dhraq/sto_leggendo_un_sacco_di_notizie_del_18app_che_ha/,2023-10
179dsym,"Spari a Bruxelles, almeno due morti - Notizie",,John_Stuart_Mill_01,2023-10-16T19:04:06,2,2,https://reddit.com/r/Italia/comments/179dsym/spari_a_bruxelles_almeno_due_morti_notizie/,2023-10
175c6ef,"Onu, 9 membri del nostro staff uccisi nei raid su Gaza - Notizie - Ansa.it",Ma non erano precisi? Ah no che scemo. Ovviamente anche nelle sedi ONU Hamas nasconde i pezzi di artiglieria.,caciopeppe,2023-10-11T11:52:56,3,6,https://reddit.com/r/Italia/comments/175c6ef/onu_9_membri_del_nostro_staff_uccisi_nei_raid_su/,2023-10
173uz0p,è normale che gli italiani mettano sempre 'non mi piace' sugli articoli o notizie MSN?,"Quando  apro Microsoft Edge e guardo alle notizie nel menu home, noto sempre  che ci sono tantissimi articoli che hanno preferenze sproporzionate;  spesso ci sono tante notizie che hanno più ""Non mi piace"" rispetto a  qualli che ne mettono ""Mi piace"". Non mi è possibile vedere i commenti,  quindi non capisco come mai gli italiani mettono molti ""non mi piace"".  Possibile che a loro non li vogliono veramente vederli, o è solo perchè  li triggerano?

Non è solo articoli  sui celebrità italiane e stranieri, ma anche notizie in tutto il mondo,  come ad esempio sul Putin e Russia/Ucraina, o notizie relative  all'Israele. Anche sport come calcio... ci sono pochi articoli che gli  piaccia molto agli italiani rispetto agli altri non graditi.",AntonioS3,2023-10-09T15:40:58,1,17,https://reddit.com/r/Italia/comments/173uz0p/è_normale_che_gli_italiani_mettano_sempre_non_mi/,2023-10
171yv98,"Razzi da Gaza su Israele, suonano le sirene a Tel Aviv - Notizie",,IlGrandeFresco,2023-10-07T06:02:37,36,300,https://reddit.com/r/Italia/comments/171yv98/razzi_da_gaza_su_israele_suonano_le_sirene_a_tel/,2023-10
171jli3,"Il Papa, economia che uccide non è economia, è perversione - Notizie - Ansa.it",Mi trovo in tutto e per tutto d'accordo con il papa. Il capitalismo sfrenato ci sta conducendo all'autodistruzione. È sotto gli occhi di tutti.,gianluca_pettinello,2023-10-06T18:16:25,28,103,https://reddit.com/r/Italia/comments/171jli3/il_papa_economia_che_uccide_non_è_economia_è/,2023-10
170jtiu,Bill Gates acquista il Castello di Portofino - Notizie,,IlGrandeFresco,2023-10-05T14:45:34,56,74,https://reddit.com/r/Italia/comments/170jtiu/bill_gates_acquista_il_castello_di_portofino/,2023-10
16zvj1a,Una legge che punisce i media che diffondono notizie false in tema di salute sarebbe liberticida?,"TL;DR: I vecchi non si vaccinano ed è colpa della tv.

Penso a questo rant da tanto tempo. 

Lavoro nella sanità e ho sempre qualche persona anziana che millanta di saperne più degli operatori (medici/infermieri/fisioterapisti ecc) perché hanno visto, solitamente in tv, sentito o letto (quasi mai, è già tanto se non sono analfabeti) notizie su questa e quella cura .


Una signora mi ha portato come fonte certa e sicura Mario Giordano. 

Dico io, essendo i fatti in tema di salute oggettivi, non dovrebbero essere scoraggiati i comportamenti potenzialmente dannosi per le persone? Non dovrebbero essere punite (economicamente, come si fa per la pubblicità sleale) le emittenti televisive, ad esempio, che spingono gli anziani a non vaccinarsi? 

D’altro canto mi rendo conto che qualcuno potrebbe dire che si limita la libertà di espressione, ma ha senso parlare di libertà di espressione o “opinione” quando si è davanti a dati oggettivamente dimostrabili?

In legge sono ignorante, voglio i vostri pareri.",proboing,2023-10-04T19:00:21,10,49,https://reddit.com/r/Italia/comments/16zvj1a/una_legge_che_punisce_i_media_che_diffondono/,2023-10
16rlbe4,https://torino.corriere.it/notizie/cronaca/23_settembre_24/monticello-d-alba-donna-appicca-incendio-per-fuggire-con-la-merce-senza-pagare-il-titolare-muore-per-salvare-il-negozio-dalle-fiamme-f497a09c-26bf-467b-9efa-fbe70e74exlk_amp.shtml,,Vitto01,2023-09-25T07:21:16,2,0,https://reddit.com/r/Italia/comments/16rlbe4/httpstorinocorriereitnotiziecronaca23_settembre/,2023-09
16p23ls,"Scontrini e fatture non in regola, spunta la sanatoria - Notizie - Ansa.it",,[deleted],2023-09-22T05:35:41,1,0,https://reddit.com/r/Italia/comments/16p23ls/scontrini_e_fatture_non_in_regola_spunta_la/,2023-09
16kbuyl,"Si schianta una Freccia Tricolore nel Torinese, pilota salvo, muore una bambina di 5 anni - Notizie - Ansa.it","Mi chiedevo, in un paese che si professa democratico sono necessarie le parate militari e/o le dimostrazioni di abilità dei piloti? Queste frecce dovevano andare ad un airshow e non si trattava di esercitazioni",AllWarEurope,2023-09-16T16:35:52,1,0,https://reddit.com/r/Italia/comments/16kbuyl/si_schianta_una_freccia_tricolore_nel_torinese/,2023-09
16htrbz,Notizie,Qual è il canale attraverso cui vi informate rispetto a tematiche inerenti l’attualità?,Beneficial_Cancel514,2023-09-13T17:51:26,2,2,https://reddit.com/r/Italia/comments/16htrbz/notizie/,2023-09
169r06e,Il ferrarista Carlos Sainz rapinato dell'orologio a Milano - Notizie - Ansa.it,,boring--planet,2023-09-04T12:43:05,3,8,https://reddit.com/r/Italia/comments/169r06e/il_ferrarista_carlos_sainz_rapinato_dellorologio/,2023-09
