comment_id,n_tokens_matched,gioia,tristezza,rabbia,paura,disgusto,fiducia,sorpresa,aspettativa,dominant_emotion
kfr4gvl,8,2.79,1.83,1.75,1.5700000000000003,1.01,2.46,2.62,3.5,aspettativa
kfq697r,6,1.4500000000000002,1.03,1.0799999999999998,1.0699999999999998,0.8000000000000002,2.42,2.54,2.94,aspettativa
kfpcdso,71,20.129999999999995,20.389999999999997,20.74,18.899999999999995,13.869999999999996,20.049999999999997,18.679999999999996,25.879999999999985,aspettativa
kfoa815,64,25.020000000000003,13.679999999999998,14.639999999999999,14.369999999999992,8.399999999999999,24.20999999999999,18.510000000000005,30.119999999999987,aspettativa
kflfo20,11,3.2,2.8200000000000003,2.7800000000000002,3.62,1.4500000000000002,2.95,3.83,3.96,aspettativa
kfjtpno,51,22.22,11.32,7.56,10.179999999999998,3.83,17.709999999999994,12.519999999999998,24.1,aspettativa
kfjo89r,9,2.92,2.42,2.87,2.04,1.79,2.73,2.3100000000000005,4.08,aspettativa
kfjkz54,17,6.26,3.61,2.7800000000000002,3.05,1.54,4.0,5.95,7.87,aspettativa
kfjb6p9,21,10.209999999999999,5.66,4.66,3.96,2.0700000000000003,7.12,7.82,9.95,gioia
kfhjw1h,53,21.22000000000001,11.15,7.86,12.889999999999999,3.87,18.960000000000008,14.630000000000004,27.20000000000001,aspettativa
kfg9ejx,2,0.8700000000000001,0.41000000000000003,0.5800000000000001,0.79,0.21000000000000002,0.62,1.21,1.29,aspettativa
kfg2t5m,43,22.610000000000003,10.780000000000001,8.71,9.559999999999999,4.180000000000001,16.569999999999993,17.189999999999994,22.96,aspettativa
kfeav8x,71,25.409999999999993,17.09,16.94,21.799999999999994,10.839999999999995,26.159999999999986,21.91,34.37999999999999,aspettativa
kfaienx,100,37.43,23.740000000000006,18.079999999999984,24.320000000000004,10.449999999999996,35.43,29.900000000000006,45.29000000000001,aspettativa
kf9kiqw,32,14.369999999999996,7.96,7.04,7.180000000000001,4.7299999999999995,11.68,10.99,16.7,aspettativa
kf9i1k2,23,8.49,6.07,3.99,6.46,2.08,7.41,7.610000000000001,11.889999999999999,aspettativa
kf8t1mk,40,14.399999999999999,9.17,6.8500000000000005,8.97,4.460000000000001,11.870000000000001,11.87,18.190000000000005,aspettativa
kf8mje4,56,21.08000000000001,9.799999999999999,9.059999999999999,11.01,6.5200000000000005,20.12,18.310000000000002,28.089999999999993,aspettativa
kf7b780,40,10.929999999999998,6.29,6.03,7.210000000000001,4.59,10.44,10.229999999999999,14.789999999999996,aspettativa
kf6ucwv,61,20.290000000000003,17.889999999999993,15.969999999999995,16.82999999999999,9.809999999999993,18.56999999999999,19.33,26.069999999999986,aspettativa
kf6iy6q,9,2.55,2.33,2.21,1.96,1.0899999999999999,2.3200000000000003,3.06,4.08,aspettativa
kf6hubm,48,19.129999999999992,11.919999999999996,9.720000000000002,10.71,5.88,17.499999999999996,16.96,24.189999999999994,aspettativa
kf62drr,67,19.149999999999988,13.519999999999996,11.989999999999997,13.400000000000002,8.24,20.869999999999994,14.94,26.18999999999999,aspettativa
kf5uyek,42,10.730000000000002,9.920000000000002,6.87,11.010000000000002,5.04,11.42,11.23,16.590000000000003,aspettativa
kf5j69m,16,4.15,4.41,3.98,3.7800000000000002,2.46,4.460000000000001,4.45,4.91,aspettativa
kf5i77k,3,1.24,1.1600000000000001,1.12,1.2,0.96,0.58,1.88,1.71,sorpresa
kf5ezaq,57,16.9,18.48,17.800000000000004,19.750000000000007,12.769999999999998,15.739999999999993,17.54,23.670000000000005,aspettativa
kf4tb50,9,3.12,3.24,2.49,2.88,1.3800000000000001,2.2,3.87,4.55,aspettativa
kf4o0dh,163,61.33999999999998,37.010000000000005,33.22999999999998,35.61999999999998,17.87999999999999,58.64999999999998,44.13000000000002,74.39999999999999,aspettativa
kf4i5lj,70,27.03999999999998,20.160000000000004,16.71999999999999,18.85,10.199999999999996,23.999999999999986,23.269999999999996,34.269999999999996,aspettativa
kf4h4gs,30,12.29,5.99,5.33,5.88,4.49,10.76,9.289999999999997,13.540000000000003,aspettativa
kf4ef9e,7,1.53,0.9600000000000002,0.73,0.41,0.45,1.07,2.29,2.67,aspettativa
kf4e5en,10,4.2,1.5,1.27,1.9900000000000002,0.7000000000000001,2.5700000000000003,3.59,3.95,gioia
kf4dgne,48,17.51,8.909999999999998,9.01,10.029999999999996,5.15,15.61,13.059999999999999,23.7,aspettativa
kf4cgb4,32,8.33,7.83,5.9,7.220000000000001,4.37,8.39,9.149999999999999,13.200000000000001,aspettativa
kf46yc4,5,1.9500000000000002,0.6900000000000001,0.7000000000000001,0.8700000000000001,0.33,1.1300000000000001,2.8,2.67,sorpresa
kf41k1q,46,17.490000000000002,8.4,7.330000000000001,7.530000000000001,4.71,16.749999999999996,10.639999999999999,20.01000000000001,aspettativa
kf3ylq3,24,10.409999999999998,6.04,4.26,5.3500000000000005,2.84,6.36,7.69,11.289999999999997,aspettativa
kf3onp6,48,19.569999999999993,9.479999999999999,6.49,8.39,4.490000000000001,16.979999999999993,13.139999999999995,23.769999999999992,aspettativa
kf3n9ec,6,0.7100000000000001,1.79,1.9,1.53,1.29,0.5700000000000001,1.4900000000000002,1.3199999999999998,rabbia
kf2ypn3,53,14.619999999999994,9.109999999999998,7.9300000000000015,8.969999999999999,6.010000000000001,14.209999999999996,14.02,20.560000000000002,aspettativa
kex4zhi,14,3.87,3.3600000000000003,3.49,4.08,2.01,4.3100000000000005,3.3200000000000003,5.63,aspettativa
kewpcok,20,9.4,4.2700000000000005,3.7,5.33,1.83,9.040000000000001,7.43,11.14,aspettativa
keunhz2,10,2.87,2.57,3.3200000000000003,2.17,1.75,2.83,3.62,4.66,aspettativa
kenxswj,59,19.750000000000004,12.199999999999998,9.709999999999997,14.700000000000001,5.42,18.779999999999998,16.46,26.590000000000014,aspettativa
kenrr2c,54,21.159999999999997,10.53,9.61,13.079999999999997,6.160000000000001,19.779999999999998,17.080000000000002,27.08,aspettativa
kem8gtj,19,4.710000000000001,2.91,3.26,3.0300000000000002,2.0300000000000002,3.42,5.0600000000000005,5.67,aspettativa
kem5pp4,38,17.549999999999997,10.669999999999998,7.53,10.159999999999997,5.74,15.509999999999998,11.87,20.220000000000002,aspettativa
keltjbz,6,2.0,1.5500000000000003,1.04,1.0,0.75,1.62,2.34,2.6799999999999997,aspettativa
kels2j7,7,1.62,0.92,1.83,0.99,0.9600000000000001,0.99,2.58,2.58,sorpresa
kelqd3i,2,0.62,0.45,0.33,0.32999999999999996,0.17,0.25,0.9600000000000001,1.0,aspettativa
kelq5d0,2,0.8700000000000001,0.54,0.54,0.5,0.38,0.5800000000000001,1.46,1.38,sorpresa
keloa5g,12,2.08,1.46,3.2800000000000002,1.62,2.12,2.0300000000000002,2.94,4.05,aspettativa
kelfltj,7,3.95,1.96,1.4500000000000002,1.9100000000000001,0.95,2.77,2.59,3.0,gioia
kelauar,57,28.409999999999997,11.25,8.829999999999998,10.799999999999999,4.7700000000000005,22.829999999999995,19.42999999999999,30.38,aspettativa
kel5yq6,20,5.53,3.68,2.8100000000000005,4.71,2.23,5.86,6.04,8.91,aspettativa
kel2ta4,2,0.66,0.33,0.45,0.32999999999999996,0.25,0.29,1.34,1.04,sorpresa
kel09sr,6,2.41,1.6600000000000001,1.92,2.08,1.25,2.45,2.96,2.96,sorpresa
kektsye,6,1.5700000000000003,1.32,1.1199999999999999,1.2399999999999998,0.9500000000000001,0.82,1.8400000000000003,2.05,aspettativa
kek8bce,9,1.2800000000000002,2.3800000000000003,2.2800000000000002,2.54,1.78,1.2800000000000002,2.2,2.67,aspettativa
kei3iyv,12,3.37,3.12,2.4299999999999997,3.51,1.75,3.21,3.24,5.2299999999999995,aspettativa
kegqfzr,32,11.679999999999998,4.87,5.79,5.07,4.15,9.989999999999998,9.54,13.809999999999999,aspettativa
kefzaxt,19,6.95,3.49,3.9699999999999998,3.7,2.7,6.32,7.39,9.009999999999998,aspettativa
kefu3ml,50,18.790000000000003,9.870000000000001,9.850000000000001,9.280000000000001,7.84,13.759999999999996,11.99,21.35000000000001,aspettativa
kee9olr,170,56.20999999999998,34.30999999999999,33.47999999999998,43.43,19.839999999999986,60.72999999999998,41.149999999999984,77.41000000000003,aspettativa
kee7a6h,3,1.5,0.62,0.66,0.45999999999999996,0.25,1.04,1.46,1.75,aspettativa
kee1z90,18,7.05,3.7,3.7,3.5,2.54,6.0200000000000005,5.76,6.99,gioia
kedrpmz,6,1.4100000000000001,1.4200000000000002,1.4500000000000002,1.99,1.25,1.1600000000000001,2.17,2.38,aspettativa
keceqx6,26,11.290000000000001,4.66,3.3100000000000005,5.21,2.1900000000000004,8.649999999999999,10.21,12.820000000000004,aspettativa
kebpno7,28,10.13,6.4799999999999995,5.96,6.88,3.6899999999999995,9.600000000000001,7.86,11.6,aspettativa
kebixyh,10,1.62,0.9600000000000001,0.7000000000000001,1.1600000000000001,0.66,2.0300000000000002,2.0300000000000002,3.47,aspettativa
ke8hx3q,20,6.71,5.4,5.22,4.91,2.74,5.78,6.15,8.3,aspettativa
ke7nusz,17,4.11,4.15,4.119999999999999,4.87,2.5,4.51,5.47,7.24,aspettativa
ke7nlr5,5,2.5,1.29,1.49,1.62,0.9600000000000001,2.04,2.04,2.67,aspettativa
ke7n4r2,4,0.41000000000000003,1.4500000000000002,2.12,1.04,2.08,0.2,1.5,1.04,rabbia
ke6tzt9,11,2.45,2.42,2.75,2.33,1.63,2.37,2.89,4.42,aspettativa
ke6swek,109,37.37999999999999,24.610000000000003,22.359999999999996,22.669999999999984,14.959999999999988,32.79999999999999,27.639999999999986,46.359999999999985,aspettativa
ke6h36k,23,7.61,3.38,3.1,4.57,2.85,5.66,7.65,8.42,aspettativa
ke6gtlv,22,3.98,5.25,5.98,5.86,4.510000000000001,4.87,5.3500000000000005,9.46,aspettativa
ke60wuw,44,10.7,10.66,12.28,11.309999999999997,6.78,11.899999999999999,9.780000000000001,17.86,aspettativa
ke5y2nm,15,6.03,3.67,3.0,3.58,1.96,4.71,5.83,7.12,aspettativa
ke5vpi3,29,10.409999999999998,7.7,7.23,8.309999999999999,4.92,9.450000000000003,9.28,13.439999999999998,aspettativa
ke5p7ms,7,3.5,1.5,1.25,1.3599999999999999,0.79,2.59,2.96,3.55,aspettativa
ke5m3v1,52,14.98,15.360000000000001,16.169999999999998,15.60999999999999,10.35,13.34,13.369999999999996,20.000000000000004,aspettativa
ke5lpom,181,74.94000000000004,30.149999999999988,35.449999999999974,39.639999999999986,21.41999999999999,64.36,57.24999999999997,92.31000000000007,aspettativa
ke3bbho,31,8.39,10.5,11.04,11.41,7.779999999999999,8.32,8.620000000000001,11.35,paura
ke3a2u1,43,13.439999999999994,8.950000000000001,7.8100000000000005,7.57,5.140000000000001,10.669999999999998,10.459999999999999,16.779999999999998,aspettativa
ke2inzz,37,17.649999999999995,6.67,6.04,6.540000000000001,2.6999999999999997,16.25,11.699999999999996,17.57,gioia
ke2g6tu,26,9.5,6.13,3.95,7.15,1.9700000000000002,8.75,9.72,12.870000000000001,aspettativa
ke18t2u,33,9.05,6.3,7.3500000000000005,7.46,4.57,10.209999999999994,9.659999999999997,16.009999999999998,aspettativa
ke143mn,14,7.23,2.6199999999999997,2.5300000000000002,2.41,1.1600000000000001,4.71,5.18,7.13,gioia
ke0s31v,85,26.85,19.91999999999999,20.369999999999997,23.579999999999995,12.709999999999983,26.22,20.30999999999999,39.29,aspettativa
ke0oo9b,8,2.08,2.3600000000000003,1.53,2.38,0.5900000000000001,2.41,2.3,3.4699999999999998,aspettativa
ke0izu3,10,3.41,3.3600000000000003,2.5700000000000003,2.83,1.7899999999999998,3.9000000000000004,3.41,5.45,aspettativa
kdymktl,3,1.62,0.62,0.37,0.32999999999999996,0.17,0.58,1.3800000000000001,1.46,gioia
kdvndzf,312,111.65000000000015,62.14999999999999,55.309999999999995,71.42,31.609999999999996,103.89000000000017,87.66000000000007,134.05000000000004,aspettativa
kdrzfly,17,8.61,3.24,2.58,2.9000000000000004,1.7000000000000002,6.17,6.17,9.5,aspettativa
kdrftj8,7,2.45,0.8200000000000001,0.9600000000000001,0.9900000000000001,0.49,1.71,2.42,3.09,aspettativa
kdqql3t,54,15.669999999999993,12.619999999999994,10.009999999999998,13.169999999999996,5.960000000000001,15.619999999999994,13.569999999999997,23.569999999999993,aspettativa
kdqmjt1,10,4.37,2.9899999999999998,2.79,2.07,1.67,3.08,4.17,4.66,aspettativa
kdqdgwd,11,2.83,1.79,1.4100000000000004,1.46,0.62,2.0700000000000003,2.58,4.81,aspettativa
kdqbyt0,5,1.4100000000000001,0.8400000000000001,0.65,0.8300000000000001,0.45,1.12,1.46,1.63,aspettativa
kdq1i9a,26,8.020000000000001,4.44,5.45,5.29,3.17,6.44,6.99,10.38,aspettativa
kdno7au,63,22.169999999999995,9.71,9.459999999999999,9.299999999999997,4.73,21.229999999999997,16.82,28.590000000000014,aspettativa
kdngu8y,19,6.8,6.5,4.7,6.83,3.21,5.4799999999999995,7.49,9.100000000000001,aspettativa
kdn58fi,11,3.07,2.24,2.16,1.4900000000000002,1.4100000000000001,2.37,3.2700000000000005,4.82,aspettativa
kdmslb6,131,53.17999999999995,28.749999999999982,23.38999999999999,29.799999999999983,13.519999999999984,43.149999999999984,36.76,58.250000000000014,aspettativa
kdlmhq2,20,8.27,2.6100000000000003,2.3600000000000003,2.9,1.12,7.7700000000000005,5.48,9.15,aspettativa
kdllhue,5,1.28,2.04,1.7900000000000003,1.99,1.05,1.4900000000000002,2.42,2.33,sorpresa
kdggpdw,4,0.62,1.1199999999999999,0.99,1.34,0.45999999999999996,0.75,1.55,1.9500000000000002,aspettativa
kdgdmz3,9,2.91,1.3599999999999999,1.4200000000000002,1.6,0.8400000000000001,3.12,3.08,5.01,aspettativa
kdc35gt,42,12.839999999999998,7.300000000000001,6.88,8.030000000000001,4.160000000000001,13.649999999999995,9.66,17.820000000000004,aspettativa
kd973r4,3,1.83,1.16,0.79,0.58,0.5,0.8300000000000001,1.54,1.92,aspettativa
kd90ka6,9,3.08,3.4000000000000004,2.96,2.83,1.87,2.79,2.68,3.84,aspettativa
kd7edlp,18,5.17,4.69,4.84,4.760000000000001,3.25,5.09,5.82,6.12,aspettativa
kd72bvo,77,21.459999999999997,16.68999999999999,15.899999999999995,19.499999999999993,11.609999999999992,20.41,19.359999999999996,29.819999999999997,aspettativa
kd6qkys,1,0.33,0.33,0.33,0.29,0.17,0.04,0.92,0.71,sorpresa
kd6q8s0,7,1.75,1.7999999999999998,2.33,2.24,1.8399999999999999,1.87,2.13,2.8899999999999997,aspettativa
kd3oo38,36,14.659999999999997,8.110000000000001,8.6,8.709999999999999,3.8900000000000006,13.449999999999996,12.469999999999999,17.53,aspettativa
kd2izit,9,3.08,1.6199999999999999,1.67,2.05,1.42,2.25,2.75,4.21,aspettativa
kd250e4,33,8.17,5.050000000000001,4.11,4.95,2.32,7.360000000000001,6.250000000000001,10.550000000000002,aspettativa
kd1bz5e,29,9.43,5.680000000000001,5.2,4.53,3.83,8.62,8.04,11.719999999999999,aspettativa
kd15m8r,193,68.50999999999998,35.56999999999997,35.430000000000014,44.88000000000002,21.969999999999974,62.01999999999999,55.01000000000001,87.66000000000003,aspettativa
kcxvc9n,17,3.38,5.57,5.16,5.88,4.5,3.04,5.33,6.26,aspettativa
kcxp0nz,17,6.59,2.5100000000000002,1.82,2.36,1.3599999999999999,6.28,5.53,8.4,aspettativa
kcxiyu5,33,11.200000000000001,7.84,6.7,9.34,3.98,10.190000000000001,10.549999999999999,15.150000000000002,aspettativa
kcx9lpk,3,0.79,1.49,1.63,1.54,0.5800000000000001,0.92,2.17,1.79,sorpresa
kcwrq07,18,7.37,6.4,5.489999999999999,5.79,3.1500000000000004,5.32,6.66,7.819999999999999,aspettativa
kcwpdr0,25,7.82,2.9800000000000004,4.46,6.17,1.24,8.69,6.2,10.249999999999998,aspettativa
kcwoohp,15,7.33,4.56,3.52,4.28,2.34,4.75,5.79,7.84,aspettativa
kcwhuq0,6,2.79,1.0,0.92,0.96,0.5,1.88,1.7800000000000002,2.83,aspettativa
kcwdqus,42,16.17,9.16,6.62,8.809999999999997,3.48,14.249999999999995,10.63,18.700000000000006,aspettativa
kcvvlvw,20,6.96,2.3600000000000003,2.16,3.65,1.1099999999999999,7.91,6.1899999999999995,9.27,aspettativa
kcvtzfj,43,12.119999999999992,11.999999999999998,11.72,9.619999999999997,6.66,11.749999999999995,10.809999999999999,16.79,aspettativa
kcvtvkp,19,8.04,6.63,6.2,6.8,4.47,6.74,8.21,10.01,aspettativa
kcvt0uh,18,5.45,4.88,3.7,4.37,1.8599999999999999,4.37,4.470000000000001,7.3100000000000005,aspettativa
kcvs0o1,56,20.409999999999993,14.659999999999998,8.709999999999999,12.819999999999995,5.260000000000001,19.629999999999995,16.550000000000004,27.51000000000001,aspettativa
kcvr73a,32,14.789999999999997,7.08,5.53,6.160000000000001,4.23,12.169999999999998,9.859999999999998,16.959999999999997,aspettativa
kcvn4hl,92,33.79,19.85999999999999,17.669999999999995,22.21,13.019999999999994,29.220000000000006,27.030000000000005,37.63,aspettativa
kcvia0t,92,30.899999999999995,19.430000000000003,16.16999999999999,20.77999999999999,8.57,31.010000000000005,22.0,38.929999999999986,aspettativa
kct21dz,16,4.91,4.32,3.31,6.17,1.96,4.24,4.5,8.15,aspettativa
kcsogls,12,3.7800000000000002,2.0,2.17,1.6099999999999999,1.42,2.58,2.91,4.45,aspettativa
kcso8tf,23,9.03,5.84,4.680000000000001,5.79,2.9,8.910000000000002,7.0,11.020000000000003,aspettativa
kcrjhtw,37,10.7,8.94,9.139999999999999,10.859999999999996,5.550000000000001,9.469999999999997,11.029999999999998,15.410000000000002,aspettativa
kcrhyn2,15,4.78,2.2,2.5100000000000002,2.44,1.44,3.88,4.24,5.78,aspettativa
kcrdqfk,40,16.639999999999997,9.65,7.69,8.55,4.79,12.720000000000002,11.479999999999999,17.400000000000002,aspettativa
kcqxhug,18,4.080000000000001,4.99,3.34,3.9800000000000004,2.42,3.7399999999999998,5.0600000000000005,6.83,aspettativa
kcqk6m7,54,13.730000000000004,17.040000000000003,15.139999999999995,14.609999999999992,8.08,12.759999999999994,11.699999999999996,19.200000000000006,aspettativa
kcoyh27,26,9.280000000000001,4.6000000000000005,4.15,4.59,2.0500000000000003,7.680000000000001,6.54,12.049999999999999,aspettativa
kcour9s,48,12.369999999999996,8.41,8.440000000000001,8.45,4.24,12.249999999999998,13.5,18.42,aspettativa
kcnvbxk,18,7.04,5.7,3.41,4.05,1.09,5.49,6.0600000000000005,8.55,aspettativa
kcnofrf,3,1.7000000000000002,1.0,0.79,0.8699999999999999,0.7500000000000001,1.04,1.79,1.67,sorpresa
kcnbihe,68,20.339999999999986,11.129999999999995,11.899999999999999,13.34,8.14,19.249999999999993,18.849999999999998,28.810000000000002,aspettativa
kcn7glm,8,2.21,1.87,3.37,2.31,2.0,1.57,2.92,3.59,aspettativa
kcmwpb7,26,8.680000000000001,4.19,4.28,4.7,2.15,7.680000000000001,7.48,11.35,aspettativa
kcmjx7b,11,3.2199999999999998,3.54,3.5,2.63,1.5699999999999998,3.04,3.58,4.87,aspettativa
kcmhq1b,10,3.04,2.04,1.83,1.7800000000000002,2.46,2.3200000000000003,3.11,4.41,aspettativa
kcm97w4,73,23.85,16.509999999999998,15.269999999999996,17.22,9.59,20.969999999999995,19.82,30.81000000000002,aspettativa
kcm682r,20,4.6,5.33,5.07,5.45,4.74,3.83,5.07,6.28,aspettativa
kcm14sg,22,8.41,7.66,7.0,5.28,4.69,6.3100000000000005,8.21,8.329999999999998,gioia
kcknuc9,9,3.46,3.16,3.29,2.91,2.29,3.25,3.95,5.09,aspettativa
kcknkzm,9,3.76,2.8000000000000003,2.13,2.66,1.59,3.66,4.08,5.52,aspettativa
kckkqgd,56,17.699999999999992,14.339999999999998,15.170000000000005,15.94,10.86,15.899999999999993,19.299999999999997,20.359999999999992,aspettativa
kckgurq,33,12.019999999999996,8.06,7.0,8.9,3.29,10.009999999999996,11.549999999999999,14.690000000000001,aspettativa
kchpc0b,93,31.630000000000003,24.519999999999996,22.560000000000002,24.589999999999996,11.82,29.019999999999992,27.28000000000001,39.68,aspettativa
kcfz7g5,7,1.9900000000000002,1.9400000000000002,1.9900000000000002,2.51,1.1300000000000001,1.8599999999999999,2.8000000000000003,3.42,aspettativa
kccrcix,38,11.790000000000001,5.550000000000001,5.38,7.08,4.46,13.929999999999996,9.02,18.259999999999994,aspettativa
kccfxym,5,1.54,0.8300000000000001,0.7000000000000001,0.5700000000000001,0.63,0.9900000000000001,1.5,2.25,aspettativa
kc8iwdb,18,7.57,2.37,2.3600000000000003,3.1100000000000003,1.54,6.7,6.53,9.07,aspettativa
kc7vzdm,15,3.5100000000000002,1.92,1.8199999999999998,1.7799999999999998,1.3800000000000001,2.8600000000000003,3.92,5.88,aspettativa
kc7i1wp,28,6.45,7.210000000000001,7.15,7.75,3.1500000000000004,7.13,7.84,9.58,aspettativa
kc4usl5,21,7.0,5.92,7.61,7.98,5.37,5.88,7.1000000000000005,10.319999999999999,aspettativa
kc4lsfr,37,10.279999999999998,9.67,11.419999999999998,9.669999999999998,7.78,9.12,9.509999999999996,15.559999999999999,aspettativa
kc3mdlw,13,2.62,3.62,3.06,4.92,2.62,3.54,3.1799999999999997,6.46,aspettativa
kc2x2v0,8,1.6500000000000001,1.75,1.3800000000000001,1.6600000000000001,1.0499999999999998,1.1500000000000001,1.96,2.76,aspettativa
kc2wwua,9,2.37,3.33,3.12,3.33,2.0,1.54,2.45,3.51,aspettativa
kc2shqm,10,2.71,2.69,3.3200000000000003,2.21,1.87,2.33,3.91,4.57,aspettativa
kc2nuv5,5,1.28,1.21,1.7599999999999998,1.41,0.62,0.62,2.42,2.34,sorpresa
kbzoyjp,19,5.66,6.46,5.08,6.75,3.3200000000000003,6.95,4.86,8.57,aspettativa
kbzcgri,60,16.309999999999995,13.559999999999993,12.399999999999995,17.4,7.640000000000001,18.46999999999999,14.929999999999996,24.27,aspettativa
kbzbwq0,22,5.99,2.5799999999999996,2.18,3.7300000000000004,1.4700000000000002,4.720000000000001,6.880000000000001,8.53,aspettativa
kby4ehg,104,31.619999999999994,16.419999999999987,17.009999999999987,19.790000000000003,9.839999999999998,30.939999999999998,27.930000000000007,43.74,aspettativa
kby1wwj,77,23.54999999999999,17.89999999999999,16.13999999999999,18.509999999999987,11.42999999999999,19.610000000000003,19.57,33.07,aspettativa
kbxrfap,33,11.199999999999998,8.49,6.45,9.079999999999998,3.49,10.64,7.53,16.560000000000002,aspettativa
kbxqaxe,28,6.84,8.9,10.8,10.45,6.71,6.62,9.45,13.909999999999997,aspettativa
kbw6cvd,14,5.04,5.83,5.29,5.05,3.34,3.45,4.63,6.12,aspettativa
kbtzpz9,8,3.1100000000000003,1.8200000000000003,1.9900000000000002,2.58,1.4100000000000001,1.9900000000000002,3.79,3.5,sorpresa
kbt7byl,6,2.99,1.33,0.99,1.08,0.59,3.12,2.84,3.92,aspettativa
kbt4a6w,15,4.86,3.9400000000000004,3.1,4.26,1.53,3.33,4.82,6.36,aspettativa
kbswa5o,19,4.29,4.7,3.64,5.680000000000001,3.25,5.04,5.89,8.52,aspettativa
kbst4n6,14,4.6000000000000005,3.97,4.09,4.2,2.4599999999999995,3.87,5.38,6.68,aspettativa
kblfkji,103,39.759999999999984,15.399999999999991,16.869999999999987,16.90999999999999,15.219999999999997,33.309999999999995,31.990000000000013,44.58,aspettativa
kbj5oa7,1,0.33,0.33,0.33,0.29,0.17,0.04,0.92,0.71,sorpresa
kbj4qlu,48,15.689999999999996,10.09,9.769999999999998,10.86,6.1000000000000005,14.899999999999995,12.679999999999994,20.37,aspettativa
kbj2ngc,67,24.35999999999999,9.859999999999996,10.04,10.44,8.19,18.979999999999993,20.090000000000003,28.029999999999998,aspettativa
kbizv7g,17,5.62,3.61,3.03,2.9000000000000004,1.79,4.95,5.32,9.04,aspettativa
kbix38k,51,14.609999999999996,10.899999999999997,9.600000000000001,10.879999999999999,6.92,10.879999999999995,12.939999999999992,20.51,aspettativa
kbitekr,14,4.7700000000000005,3.7399999999999998,3.5500000000000003,3.2399999999999998,2.4499999999999997,3.16,4.71,5.88,aspettativa
kbirmqb,15,5.74,3.0300000000000002,2.8200000000000003,2.6199999999999997,1.54,5.08,3.91,7.67,aspettativa
kbippl4,5,2.29,0.87,0.7900000000000001,0.87,0.63,1.29,1.7800000000000002,2.37,aspettativa
kbipkjz,5,1.4100000000000001,0.6200000000000001,0.74,1.0,0.42,1.25,2.08,2.38,aspettativa
kbg7oqd,83,27.419999999999984,14.319999999999991,16.05999999999999,18.02999999999999,9.449999999999994,32.57999999999999,19.440000000000005,39.20000000000001,aspettativa
kbfqcan,50,18.9,9.139999999999999,7.23,8.98,4.810000000000001,15.669999999999996,14.219999999999999,20.370000000000005,aspettativa
kbfo07z,5,0.66,2.13,2.08,2.45,1.75,0.54,2.25,1.83,paura
kbfh28b,52,21.11999999999999,9.379999999999999,9.25,10.020000000000001,5.26,16.79,17.539999999999996,25.55,aspettativa
kbfb7h4,40,13.199999999999998,8.23,7.5200000000000005,10.239999999999998,5.36,14.359999999999998,12.56,19.430000000000007,aspettativa
kbf91qb,22,6.23,5.42,4.13,5.55,3.36,5.7700000000000005,5.49,8.57,aspettativa
kbeaibb,49,12.329999999999998,15.919999999999998,16.150000000000002,15.309999999999995,10.04,12.519999999999994,11.389999999999999,19.879999999999992,aspettativa
kbe9p2o,30,6.8500000000000005,8.239999999999998,8.87,8.24,5.869999999999999,7.14,8.27,12.159999999999998,aspettativa
kbdmhsa,20,8.1,3.96,3.8100000000000005,4.17,2.3400000000000003,7.65,5.36,9.53,aspettativa
kbdiq6o,25,4.91,5.819999999999999,6.33,7.0,3.96,5.2299999999999995,7.33,9.35,aspettativa
kbcy6a5,17,5.3100000000000005,3.2300000000000004,2.9899999999999998,3.61,1.7100000000000002,5.04,6.53,7.16,aspettativa
kbalcvq,20,4.75,4.84,5.84,6.67,3.9600000000000004,6.16,5.99,8.290000000000001,aspettativa
kbad9ua,26,9.15,8.2,6.9,10.199999999999998,3.0,10.049999999999999,8.549999999999999,11.970000000000002,aspettativa
kb9wt0u,24,6.170000000000001,4.17,4.4,4.57,2.95,5.3,8.230000000000002,9.16,aspettativa
kb901q4,15,5.23,5.11,4.53,4.65,3.3600000000000003,4.0200000000000005,5.36,6.62,aspettativa
kb8xko0,6,1.11,1.24,1.54,1.62,0.5900000000000001,0.7,2.46,2.75,aspettativa
kb62gxp,31,12.919999999999998,4.11,2.7500000000000004,3.14,1.96,9.629999999999999,8.85,13.01,aspettativa
kb56zhb,10,3.3600000000000003,2.33,1.87,2.2800000000000002,1.8399999999999999,3.0700000000000003,3.0300000000000002,4.96,aspettativa
kb0llty,7,1.83,1.87,1.5,2.46,1.67,1.5,3.3600000000000003,3.26,sorpresa
kazeyag,84,30.62999999999999,22.17999999999999,19.68999999999998,21.02999999999999,11.409999999999995,25.500000000000007,24.81999999999999,35.329999999999984,aspettativa
kaz0yth,58,19.19,10.45,9.759999999999998,12.54,5.780000000000001,19.869999999999994,14.469999999999994,25.590000000000007,aspettativa
kayq327,22,6.2,5.380000000000001,4.15,5.4,2.88,6.5,5.16,9.260000000000002,aspettativa
kaybt3v,25,7.78,7.88,5.67,7.25,3.45,8.43,6.94,9.55,aspettativa
kax2g2e,5,2.25,1.37,1.08,1.04,0.33,1.9600000000000002,2.34,3.21,aspettativa
kavm1ix,8,3.24,1.69,1.4100000000000001,1.8200000000000003,0.9200000000000002,3.2,2.79,4.09,aspettativa
kavie2c,8,2.8200000000000003,2.75,2.29,2.53,1.28,1.8200000000000003,2.96,3.38,aspettativa
kavd6xv,66,21.73999999999999,10.809999999999997,9.95,11.750000000000002,5.640000000000001,17.88,17.539999999999996,27.51,aspettativa
kav74f4,23,5.28,5.7700000000000005,5.61,6.24,3.25,5.97,6.77,10.63,aspettativa
kav5rql,7,2.54,0.79,1.04,1.03,0.42000000000000004,2.74,2.66,4.17,aspettativa
katy0dv,8,4.359999999999999,1.9900000000000002,1.25,1.96,0.92,2.49,2.55,3.67,gioia
kattbeb,7,1.9100000000000001,1.5799999999999998,1.28,0.7100000000000001,0.49,1.37,1.6300000000000001,2.58,aspettativa
katsqr7,27,6.48,6.92,6.21,7.53,3.64,6.359999999999999,7.2,9.58,aspettativa
katrvqp,19,5.85,4.94,4.2299999999999995,5.0,1.24,4.76,5.54,7.45,aspettativa
katneqc,20,5.07,7.04,6.24,7.8500000000000005,4.17,3.99,6.33,6.92,paura
katltma,1,0.46,0.04,0.04,0.12,0.04,0.54,0.25,0.29,fiducia
katib5t,8,2.41,1.92,1.71,2.07,1.21,2.29,2.45,2.6799999999999997,aspettativa
kath6kb,3,1.79,0.99,0.79,0.75,0.42000000000000004,1.4100000000000001,1.71,2.38,aspettativa
katgm9l,4,1.03,0.62,0.45,0.8800000000000001,0.25,0.6200000000000001,2.0,1.58,sorpresa
katds3k,16,3.82,4.93,4.13,3.7399999999999998,1.96,2.83,3.53,6.07,aspettativa
kas11k4,4,1.7000000000000002,0.9199999999999999,1.1300000000000001,0.8699999999999999,0.7600000000000001,0.71,2.13,1.92,sorpresa
kar24lu,20,7.62,4.95,4.53,6.99,1.73,8.21,6.67,11.459999999999999,aspettativa
kaqhdiv,18,6.33,7.58,6.84,6.71,4.05,5.91,5.12,7.29,tristezza
kaq8gny,14,2.92,2.71,2.33,3.1599999999999997,0.9600000000000001,2.45,3.95,5.59,aspettativa
kapsoo9,8,2.87,1.04,1.29,1.3299999999999998,1.01,2.8,2.8200000000000003,4.25,aspettativa
kapr1rd,21,5.84,5.13,3.9400000000000004,4.82,1.9900000000000002,5.890000000000001,5.13,8.73,aspettativa
kapggr5,5,2.08,0.96,0.79,0.9099999999999999,0.63,1.21,2.6300000000000003,2.67,aspettativa
kapadx9,28,8.06,4.739999999999999,4.5,5.44,3.39,7.78,7.32,11.569999999999997,aspettativa
kap4fmq,35,8.509999999999998,14.040000000000003,11.84,12.879999999999999,7.16,6.5600000000000005,11.059999999999999,11.689999999999994,tristezza
kap3xnc,7,3.2,1.58,1.71,1.66,0.88,2.0,3.3800000000000003,3.84,aspettativa
kaoxyig,16,3.96,3.49,2.6500000000000004,3.3200000000000003,0.9500000000000002,4.14,4.36,7.95,aspettativa
kaowkah,15,3.2700000000000005,5.37,4.07,5.95,3.12,2.9300000000000006,8.16,6.0,sorpresa
kaov7zs,10,4.07,1.42,1.24,1.96,0.9099999999999999,3.57,3.71,4.51,aspettativa
kaou3s9,18,5.28,4.32,3.96,4.45,1.9300000000000002,4.859999999999999,5.84,7.34,aspettativa
kaophea,8,2.12,1.2400000000000002,1.02,1.79,0.5800000000000001,2.29,3.2800000000000002,4.2,aspettativa
kaom6aq,67,22.869999999999997,15.339999999999991,12.33,18.839999999999993,8.640000000000002,20.460000000000004,21.11,29.090000000000003,aspettativa
kaoilmw,32,13.939999999999998,8.55,7.26,9.739999999999998,4.59,10.379999999999997,11.899999999999999,15.239999999999997,aspettativa
kaobb1f,8,1.5299999999999998,1.7399999999999998,2.02,1.96,1.11,1.84,2.54,2.83,aspettativa
kalbs6f,7,2.46,2.08,2.4600000000000004,3.12,0.75,1.3399999999999999,3.38,3.37,sorpresa
kal53wj,14,6.08,4.21,5.58,5.08,3.49,3.58,5.3,6.08,gioia
kaka12d,44,18.73,9.7,8.989999999999998,8.930000000000001,5.510000000000001,15.879999999999999,12.329999999999998,20.449999999999992,aspettativa
kak6gd9,17,5.19,4.58,3.88,3.9299999999999997,2.83,4.53,4.67,6.55,aspettativa
kak5rj9,46,13.23,13.17,12.629999999999997,12.589999999999998,8.85,13.050000000000002,9.180000000000001,16.16,aspettativa
kak4w1u,123,46.83999999999999,28.790000000000013,28.690000000000012,30.930000000000007,17.319999999999993,44.51999999999998,35.90999999999999,57.59999999999999,aspettativa
kak3gsq,43,10.579999999999998,15.079999999999997,17.4,17.869999999999997,12.089999999999998,10.879999999999999,10.849999999999998,14.469999999999999,paura
kak1c8a,33,11.319999999999999,6.98,6.24,6.48,4.2,7.86,7.1,10.909999999999997,gioia
kajrdc5,8,2.71,1.4900000000000002,2.0300000000000002,1.46,0.88,1.71,2.49,4.16,aspettativa
kahxx87,63,21.559999999999995,17.259999999999994,16.50999999999999,20.25999999999999,10.609999999999996,22.339999999999996,20.75,29.989999999999995,aspettativa
kahrj9t,51,16.689999999999994,12.460000000000003,11.190000000000001,14.36,7.180000000000001,13.43,13.19,18.619999999999997,aspettativa
kah819m,68,19.93,13.53,10.799999999999999,11.779999999999998,8.940000000000001,15.86999999999999,16.929999999999996,26.03000000000001,aspettativa
kafl387,14,6.23,3.5,2.96,4.54,1.62,6.34,6.24,8.25,aspettativa
kafffd7,52,16.599999999999994,8.730000000000002,7.9300000000000015,9.75,4.28,16.959999999999997,12.99,22.01,aspettativa
kaeritk,4,2.24,0.78,0.7,0.36999999999999994,0.29000000000000004,0.63,2.4699999999999998,2.37,sorpresa
kad46il,27,8.94,4.52,4.49,5.61,1.9000000000000001,9.43,8.18,12.350000000000001,aspettativa
kacf6ua,154,45.669999999999995,37.11,38.57999999999999,37.039999999999964,23.649999999999988,40.29999999999999,39.399999999999984,60.859999999999964,aspettativa
kacf5jg,14,3.2800000000000002,3.29,2.79,3.66,2.25,4.58,3.9099999999999997,5.37,aspettativa
kac0g4s,36,10.429999999999996,8.32,6.92,7.45,4.74,9.569999999999997,7.64,13.84,aspettativa
kabmojn,2,0.75,0.55,0.25,0.8400000000000001,0.04,1.13,0.66,1.63,aspettativa
kab7ixb,43,12.370000000000001,13.469999999999995,15.369999999999997,14.909999999999998,10.309999999999999,11.42,13.370000000000001,17.720000000000002,aspettativa
kab6l5o,7,3.04,1.54,0.82,1.08,0.75,2.04,2.74,4.17,aspettativa
kaazu4h,14,5.7,2.69,1.9899999999999998,2.81,1.07,4.41,3.86,6.68,aspettativa
kaakuy3,17,7.96,4.74,5.79,6.01,3.5900000000000003,8.38,6.39,9.290000000000001,aspettativa
kaahcak,47,15.669999999999995,11.129999999999997,10.529999999999998,10.939999999999996,7.15,14.109999999999996,12.699999999999996,18.280000000000005,aspettativa
kaagmxk,20,7.9,4.529999999999999,4.2299999999999995,5.36,2.62,7.69,7.15,9.630000000000003,aspettativa
kaa05wd,56,20.69,12.179999999999998,10.669999999999995,13.32999999999999,6.76,19.569999999999993,16.799999999999997,25.36,aspettativa
ka9uk5u,8,2.79,1.07,1.8199999999999998,2.15,1.1600000000000001,1.12,3.38,2.33,sorpresa
ka9re5h,24,9.78,4.94,4.9,6.54,3.0,9.12,8.890000000000002,10.910000000000002,aspettativa
ka8ksrb,62,16.96999999999999,13.459999999999996,13.799999999999997,14.339999999999991,6.440000000000001,19.159999999999993,14.289999999999994,24.279999999999994,aspettativa
ka8hqsm,55,22.999999999999996,9.899999999999997,10.479999999999999,11.919999999999993,5.84,21.249999999999993,17.659999999999997,26.97999999999999,aspettativa
ka7we2t,106,41.65999999999998,25.540000000000003,23.37,25.649999999999995,13.559999999999995,36.559999999999974,35.40000000000002,48.70000000000001,aspettativa
ka7w3bd,97,26.459999999999997,26.44000000000002,29.060000000000002,26.190000000000005,19.910000000000007,26.64999999999999,24.870000000000008,37.099999999999994,aspettativa
ka7q8y2,72,16.989999999999995,17.180000000000003,18.009999999999994,19.919999999999995,11.34,18.939999999999998,17.970000000000006,26.249999999999996,aspettativa
ka78a3q,68,22.089999999999986,18.99999999999998,16.089999999999996,17.779999999999994,9.759999999999998,19.37,18.459999999999997,28.030000000000012,aspettativa
ka72n7c,35,12.11,7.290000000000001,7.4,8.13,4.49,10.93,10.699999999999998,15.440000000000001,aspettativa
ka70jbf,76,28.67999999999999,18.420000000000005,17.71999999999999,16.989999999999995,10.949999999999996,23.679999999999996,22.120000000000005,35.839999999999996,aspettativa
ka6xr4v,25,7.5600000000000005,5.7700000000000005,4.640000000000001,4.78,2.5700000000000003,7.550000000000001,5.65,10.54,aspettativa
ka6nh3m,5,2.33,0.92,0.7900000000000001,0.75,0.5800000000000001,1.12,1.58,2.71,aspettativa
ka6mgpy,12,3.7700000000000005,3.16,2.8,2.7199999999999998,2.08,3.2,3.7000000000000006,5.75,aspettativa
ka6mej7,54,15.929999999999994,10.21,12.669999999999998,10.700000000000001,5.03,13.929999999999993,14.400000000000002,20.729999999999997,aspettativa
ka6jv5t,12,4.99,3.1999999999999997,2.9000000000000004,3.12,1.2000000000000002,4.8,5.54,7.33,aspettativa
j2d23tw,11,2.1,2.9000000000000004,2.74,2.24,1.79,1.87,2.6900000000000004,3.5300000000000002,aspettativa
j2d0e5k,92,33.31,17.329999999999995,13.8,16.919999999999998,9.539999999999997,28.81,24.269999999999992,41.3,aspettativa
j2b44ks,4,1.37,0.9099999999999999,1.16,1.71,0.63,1.04,2.13,2.05,sorpresa
j2aom5g,121,39.15999999999998,29.700000000000017,35.239999999999995,35.68000000000002,25.89,36.869999999999976,40.100000000000016,54.03999999999998,aspettativa
j29zk3k,51,11.869999999999992,7.840000000000001,9.569999999999999,11.35,3.96,12.259999999999998,12.629999999999995,18.220000000000006,aspettativa
j283mhu,14,4.260000000000001,2.7,3.29,2.4899999999999998,1.59,4.710000000000001,4.2,6.69,aspettativa
j23i33c,7,3.42,1.9499999999999997,0.78,1.6600000000000001,0.49999999999999994,2.29,2.54,3.67,aspettativa
j23gaco,10,2.7,1.58,1.67,1.6900000000000004,0.8300000000000001,2.7,2.91,3.93,aspettativa
j216bye,35,10.979999999999999,9.769999999999998,9.839999999999998,10.43,5.9799999999999995,11.27,11.139999999999999,14.99,aspettativa
j2153vx,68,20.07,15.199999999999996,16.749999999999996,18.509999999999987,11.059999999999999,18.749999999999993,18.63,26.380000000000003,aspettativa
j20iviu,22,8.11,6.21,6.59,6.83,4.05,8.03,7.05,9.21,aspettativa
j1zgxm3,12,3.9300000000000006,2.5,2.08,2.45,1.25,3.87,4.25,5.66,aspettativa
j1yu2f9,3,1.58,0.49,0.79,0.8699999999999999,0.25,1.0,1.42,1.54,gioia
j1ytox1,5,1.4500000000000002,0.88,0.83,0.7000000000000001,0.37,1.12,1.5899999999999999,2.41,aspettativa
j1ys4kg,30,8.190000000000001,8.299999999999999,7.89,8.2,4.92,7.1000000000000005,10.8,14.090000000000003,aspettativa
j1yel06,22,6.0200000000000005,5.68,5.57,5.96,3.6300000000000003,7.81,5.28,9.09,aspettativa
j1y9wa9,57,19.279999999999998,7.930000000000001,7.1800000000000015,9.269999999999998,5.6000000000000005,19.21,15.999999999999998,24.65999999999999,aspettativa
j1xvssd,66,26.229999999999986,12.99,11.789999999999997,12.669999999999996,6.0600000000000005,22.659999999999993,19.289999999999996,28.8,aspettativa
j1wj6jq,19,4.11,3.6300000000000003,3.7,3.09,2.56,4.210000000000001,3.9300000000000006,7.02,aspettativa
j1v5rep,13,4.44,3.16,2.96,2.95,1.71,5.21,4.24,6.79,aspettativa
j1ulsjj,16,7.91,2.96,2.2,2.2,1.3699999999999999,5.42,5.57,6.94,gioia
j1u1z12,51,21.48,9.469999999999999,8.57,10.220000000000002,4.66,18.149999999999995,15.869999999999994,25.630000000000003,aspettativa
j1tn8pf,32,9.7,7.84,8.04,9.040000000000001,5.94,8.83,9.829999999999997,12.150000000000004,aspettativa
j1tiwsh,2,0.9099999999999999,0.45,0.45,0.75,0.29000000000000004,0.7100000000000001,1.71,1.63,sorpresa
j1rol8n,6,1.5399999999999998,1.6600000000000001,1.1700000000000002,1.25,0.42000000000000004,1.6799999999999997,1.88,3.34,aspettativa
j1r9010,5,1.29,1.04,0.74,0.62,0.25,0.49,1.37,1.62,aspettativa
j1pl1qb,16,7.11,3.29,3.06,3.86,2.45,4.36,4.78,7.46,aspettativa
j1nun1z,9,3.71,1.8699999999999999,1.38,1.82,0.79,3.5700000000000003,3.11,4.88,aspettativa
j1nen94,32,13.729999999999997,8.510000000000002,5.790000000000001,8.82,3.3500000000000005,12.290000000000001,9.819999999999999,15.210000000000004,aspettativa
j1napve,21,4.1000000000000005,3.91,3.1500000000000004,3.5700000000000003,2.8,3.9400000000000004,4.67,7.77,aspettativa
j1n8yp3,11,1.4000000000000001,2.0300000000000002,1.7,1.66,1.67,2.04,2.25,3.6299999999999994,aspettativa
j1lkcfq,55,15.069999999999995,7.58,7.61,10.999999999999993,4.58,16.309999999999995,12.729999999999993,23.180000000000007,aspettativa
j1jt7ju,4,1.45,0.7,0.5800000000000001,0.5800000000000001,0.25,0.9199999999999999,1.67,1.67,sorpresa
j1ig3u4,80,25.110000000000007,19.780000000000005,19.94999999999999,19.31,14.139999999999995,20.649999999999988,21.88,27.009999999999994,aspettativa
j1i4451,28,11.91,7.36,7.28,5.74,4.73,10.48,9.12,13.58,aspettativa
j1i3po8,112,36.13999999999999,26.789999999999992,23.669999999999987,29.849999999999998,14.409999999999986,35.829999999999984,31.94000000000001,47.3,aspettativa
j1i37wy,12,6.069999999999999,4.75,4.84,3.33,2.91,5.29,4.55,5.42,gioia
j1hr9t6,77,28.259999999999984,13.369999999999992,12.079999999999993,14.879999999999994,7.23,23.539999999999992,19.18000000000001,33.42000000000001,aspettativa
j1hpmlw,31,10.089999999999998,6.000000000000001,5.86,7.050000000000001,3.23,9.09,9.090000000000002,14.139999999999999,aspettativa
j1ho4wl,48,14.599999999999998,9.26,9.809999999999995,11.119999999999997,6.300000000000001,16.47,11.309999999999997,20.77,aspettativa
j1hknzf,85,25.159999999999986,21.170000000000005,18.879999999999985,22.40999999999999,13.349999999999993,22.08999999999999,21.690000000000012,32.52,aspettativa
j1hdt3u,34,9.749999999999996,9.590000000000002,9.74,12.350000000000003,7.26,9.35,10.299999999999999,11.86,paura
j1g8ri1,70,19.479999999999997,13.899999999999997,15.05,18.549999999999994,9.909999999999995,19.519999999999996,17.039999999999992,29.070000000000007,aspettativa
j1fqh90,32,11.6,7.3500000000000005,7.950000000000001,8.520000000000001,4.890000000000001,8.83,10.109999999999998,14.790000000000001,aspettativa
j1f5ey0,5,2.04,2.0300000000000002,1.9900000000000002,1.84,1.5899999999999999,1.37,2.64,2.71,aspettativa
j1du4xe,94,30.77999999999999,19.259999999999998,17.939999999999998,19.61999999999999,12.639999999999992,28.70999999999998,22.989999999999984,41.7,aspettativa
j1d5ih1,45,15.989999999999997,7.89,6.170000000000001,9.08,4.3500000000000005,13.329999999999998,13.519999999999996,18.489999999999995,aspettativa
j1bi7g3,4,1.4100000000000001,0.66,0.62,0.58,0.21000000000000002,0.37,1.88,1.49,sorpresa
j18caz3,29,7.32,8.350000000000001,7.23,9.48,5.02,6.71,7.549999999999999,11.259999999999996,aspettativa
j18c4d2,203,70.21000000000006,37.87999999999998,33.339999999999996,42.13,20.189999999999984,59.58999999999995,56.71999999999997,84.90000000000002,aspettativa
j181tp0,261,77.66000000000007,40.999999999999964,36.20999999999999,47.94999999999996,17.21999999999997,76.47999999999996,58.63999999999998,105.89000000000006,aspettativa
j161mk4,23,8.670000000000002,6.45,4.92,5.1899999999999995,2.8000000000000003,6.03,7.95,9.58,aspettativa
j13i02f,8,3.1199999999999997,1.83,1.3599999999999999,1.49,0.49999999999999994,2.9099999999999997,3.67,5.21,aspettativa
j0ymklq,15,2.91,4.07,4.08,4.46,2.9000000000000004,3.74,4.62,6.09,aspettativa
j0vx02d,96,27.689999999999994,17.45,15.229999999999993,15.939999999999989,9.369999999999996,30.969999999999995,21.050000000000004,41.370000000000026,aspettativa
j0vgbbu,8,2.87,1.83,2.29,2.37,0.87,1.87,3.1799999999999997,3.7199999999999998,aspettativa
j0tpt7s,4,1.79,0.8300000000000001,0.6600000000000001,0.83,0.46,1.1199999999999999,1.42,1.87,aspettativa
j0rtt8r,85,24.86,14.229999999999995,15.749999999999996,16.559999999999995,10.339999999999995,22.819999999999997,20.309999999999995,33.4,aspettativa
j0p4n99,5,2.74,1.16,0.78,1.12,0.21000000000000002,2.11,1.7999999999999998,2.75,aspettativa
j0miof7,23,5.45,4.63,4.62,4.63,3.04,5.15,4.66,7.04,aspettativa
j0ljrvz,36,11.429999999999996,4.98,5.17,8.58,2.8600000000000003,13.999999999999998,11.109999999999996,16.489999999999995,aspettativa
j0kjxhx,33,12.740000000000002,6.41,5.89,6.57,3.6899999999999995,9.429999999999998,12.34,15.990000000000004,aspettativa
j0kinsa,9,2.58,1.49,1.2400000000000002,1.41,0.88,2.38,3.64,4.22,aspettativa
j0ke4ri,42,12.039999999999997,10.879999999999997,10.569999999999999,11.589999999999998,7.109999999999999,11.690000000000001,12.899999999999993,19.34,aspettativa
j0ke2dh,10,2.15,2.91,3.0,2.84,1.9900000000000002,2.53,2.17,4.63,aspettativa
j0i04ft,35,10.31,7.44,6.41,6.7,3.02,8.969999999999999,8.680000000000001,13.870000000000001,aspettativa
j0fxzz6,13,3.37,3.38,3.5700000000000003,4.4,2.12,4.140000000000001,4.21,5.24,aspettativa
j0ftcvo,26,6.62,6.05,6.32,7.680000000000001,3.75,7.330000000000001,8.03,10.870000000000001,aspettativa
j0fry9a,52,16.859999999999996,11.149999999999997,12.249999999999998,11.259999999999996,8.879999999999995,15.289999999999994,13.339999999999998,21.450000000000006,aspettativa
j0fnzqf,13,3.08,2.25,2.62,2.71,1.87,4.53,4.05,6.59,aspettativa
j0bpt34,79,21.97,15.409999999999993,16.199999999999996,15.939999999999996,8.420000000000002,24.40999999999999,17.199999999999992,32.059999999999995,aspettativa
j0awzz4,25,6.82,5.720000000000001,5.470000000000001,6.37,2.16,8.059999999999999,6.21,12.490000000000002,aspettativa
j06lq6r,25,10.02,5.19,5.550000000000001,5.95,3.06,8.729999999999999,9.359999999999998,11.71,aspettativa
j05zgtj,6,1.49,1.28,0.45,1.3199999999999998,0.5,0.9500000000000002,2.12,2.87,aspettativa
j01m85s,5,1.37,0.5700000000000001,0.41,0.67,0.25,1.51,1.63,2.2399999999999998,aspettativa
j01h84c,40,15.859999999999996,7.15,5.94,9.11,3.14,13.909999999999998,12.189999999999998,16.81,aspettativa
izx5iug,26,9.16,3.8000000000000007,3.95,4.2,1.8199999999999998,8.89,7.33,11.18,aspettativa
izwsogc,38,15.949999999999996,8.42,6.220000000000001,7.6499999999999995,3.4000000000000004,14.399999999999997,11.879999999999995,19.46,aspettativa
izwe4zp,13,4.26,2.03,1.6500000000000001,2.16,1.12,4.0600000000000005,3.27,5.74,aspettativa
izsix4v,33,12.229999999999995,4.15,4.63,7.75,2.22,12.389999999999997,9.999999999999998,18.800000000000004,aspettativa
izrnhcq,3,1.24,1.04,0.9199999999999999,1.04,0.8,0.96,1.75,1.5899999999999999,sorpresa
izrncn5,19,4.5,5.03,4.49,5.3999999999999995,3.4699999999999998,5.41,4.62,7.55,aspettativa
izps8jv,138,49.519999999999996,30.51999999999998,24.42999999999999,31.099999999999987,14.259999999999982,45.289999999999985,33.82000000000001,63.34000000000002,aspettativa
iznusqk,29,11.279999999999998,5.78,5.09,6.540000000000001,2.29,11.469999999999999,9.67,13.92,aspettativa
iznp0pr,9,2.58,1.9100000000000001,2.0500000000000003,1.84,0.9500000000000001,2.8699999999999997,2.99,3.77,aspettativa
iznc5nw,35,9.829999999999998,6.68,6.07,5.3500000000000005,4.3,8.839999999999996,8.899999999999999,14.159999999999997,aspettativa
izm2blk,3,1.6600000000000001,0.6200000000000001,0.49,0.6199999999999999,0.21000000000000002,0.8800000000000001,2.0,2.13,aspettativa
izkn5g7,21,6.8,3.62,2.99,4.24,1.3300000000000003,6.82,4.45,8.29,aspettativa
izjh92g,24,7.62,3.3500000000000005,3.5700000000000003,5.83,1.9500000000000002,7.85,7.2299999999999995,10.82,aspettativa
izj0unb,2,0.5800000000000001,0.33,0.37,0.45999999999999996,0.21000000000000002,0.21000000000000002,1.09,1.04,sorpresa
izin3aj,26,9.309999999999999,5.640000000000001,5.09,6.07,2.45,10.669999999999998,8.719999999999999,14.75,aspettativa
izii45h,3,0.5800000000000001,1.3299999999999998,1.29,1.2,0.87,0.45,1.76,1.25,sorpresa
izexuf1,4,1.7399999999999998,0.8700000000000001,0.7900000000000001,0.75,0.37,1.62,1.6300000000000001,2.42,aspettativa
izdw2tr,17,5.92,2.49,2.12,2.3600000000000003,1.2500000000000002,5.72,4.37,8.14,aspettativa
izbylor,34,11.699999999999998,8.030000000000001,8.4,7.82,5.33,9.86,10.05,14.61,aspettativa
iz98kf7,50,13.859999999999998,10.909999999999998,8.28,11.129999999999999,4.69,13.939999999999996,10.209999999999997,16.119999999999997,aspettativa
iz8zg4m,15,5.319999999999999,2.16,2.08,2.5000000000000004,1.2300000000000002,4.6000000000000005,5.040000000000001,7.03,aspettativa
iz79txb,32,10.139999999999997,9.24,8.43,11.95,5.92,9.53,9.599999999999998,12.8,aspettativa
iz5te6a,3,1.33,0.66,0.66,0.8300000000000001,0.33,1.25,1.7200000000000002,2.21,aspettativa
iz5iq6s,18,8.36,3.11,2.29,3.5,1.97,6.29,4.94,9.49,aspettativa
iz4cnrx,3,0.62,0.33,0.33,0.32999999999999996,0.17,0.41,1.04,1.33,aspettativa
iz4c68u,8,3.58,1.37,1.4200000000000002,1.22,0.7900000000000001,1.72,2.41,3.08,gioia
iz476jb,1,0.21,0.46,0.29,0.54,0.17,0.54,0.29,0.67,aspettativa
iz43kc6,17,5.92,4.529999999999999,3.16,3.25,2.5,5.32,4.86,7.54,aspettativa
iz3oe4j,26,10.439999999999998,5.5,4.43,5.83,2.7399999999999998,7.71,8.469999999999999,11.380000000000003,aspettativa
iz3nw7q,22,8.15,5.3,4.42,4.05,2.5100000000000002,5.88,6.640000000000001,10.189999999999998,aspettativa
iz2ilkh,12,4.08,2.5300000000000002,2.0,2.37,1.38,3.75,3.88,5.37,aspettativa
iz26lia,8,3.17,1.6099999999999999,1.53,1.8199999999999998,1.04,2.2,3.62,4.8,aspettativa
iz224om,7,2.08,1.66,2.15,1.2,2.0,1.21,2.8499999999999996,2.41,sorpresa
iz1itb9,17,6.6000000000000005,3.0,2.0,2.62,0.8200000000000001,4.89,5.05,8.48,aspettativa
iz1gx83,17,6.29,1.41,1.4400000000000002,2.46,1.7,6.4,5.5200000000000005,8.169999999999998,aspettativa
iz19c6c,10,5.07,1.5000000000000002,0.83,1.4900000000000002,0.67,3.5100000000000002,3.0300000000000002,5.05,gioia
iz0tnir,85,33.65000000000001,18.979999999999997,18.129999999999995,18.609999999999996,9.119999999999996,28.929999999999986,23.819999999999997,37.5,aspettativa
iz0h9xx,7,1.12,2.04,1.4100000000000001,2.04,0.62,1.87,1.92,3.3,aspettativa
iz0f0d2,25,8.67,4.33,3.59,4.8100000000000005,2.2300000000000004,7.78,7.03,10.679999999999998,aspettativa
iz07wg1,4,1.4500000000000002,1.29,0.91,1.25,0.38,1.1600000000000001,2.17,1.79,sorpresa
iz04llz,14,4.4,2.9,2.2800000000000002,2.03,1.2000000000000002,2.9000000000000004,3.07,4.779999999999999,aspettativa
iyzewrt,10,3.4000000000000004,0.9500000000000002,1.4100000000000001,1.5600000000000003,0.7000000000000002,2.87,2.95,3.7,aspettativa
iywmfgz,22,8.03,3.8600000000000003,4.23,4.74,2.32,6.44,6.02,9.580000000000002,aspettativa
iyw7rve,38,12.009999999999994,6.630000000000001,6.33,8.2,5.15,13.839999999999996,9.759999999999998,17.160000000000004,aspettativa
iyswqg8,3,1.62,0.49000000000000005,0.5800000000000001,0.91,0.21000000000000002,1.29,1.38,2.04,aspettativa
iysbl2d,32,8.96,7.279999999999999,8.28,9.03,6.46,8.36,8.049999999999999,12.849999999999998,aspettativa
iyrkgx1,21,6.63,3.88,4.46,4.03,2.65,6.51,5.8,9.02,aspettativa
iyramrc,15,4.84,4.04,3.62,4.23,2.58,5.36,3.95,7.03,aspettativa
iyqgy18,20,7.11,4.9,5.1,6.0,3.16,6.43,6.75,10.049999999999997,aspettativa
iyog6tt,10,1.75,2.91,2.3200000000000003,2.62,1.6999999999999997,2.54,2.91,4.05,aspettativa
iymuuk0,4,1.21,1.1600000000000001,1.12,1.41,0.8400000000000001,1.33,2.04,2.63,aspettativa
iymf3ol,33,10.029999999999998,4.8500000000000005,5.49,7.15,3.2600000000000007,9.03,9.989999999999995,12.940000000000001,aspettativa
iyludu6,37,9.1,5.95,5.19,5.62,3.16,8.66,7.79,14.36,aspettativa
iylp6it,7,2.45,1.42,1.63,1.1600000000000001,0.79,2.45,2.7800000000000002,3.92,aspettativa
iyjzx7t,56,21.57999999999999,15.729999999999997,10.59,11.519999999999998,5.16,19.169999999999995,13.11999999999999,24.91999999999999,aspettativa
iyjj9kc,8,2.42,2.24,2.0,2.5300000000000002,1.1600000000000001,2.0,2.75,3.46,aspettativa
iyibni0,15,3.6100000000000003,3.46,4.2,3.79,2.58,2.5700000000000003,4.28,4.4,aspettativa
iyhtc6e,8,2.74,2.21,2.17,2.79,1.29,2.3200000000000003,3.29,3.49,aspettativa
iyhpznu,17,7.3500000000000005,3.53,3.34,3.49,1.21,6.3100000000000005,4.390000000000001,9.040000000000001,aspettativa
iyhcc0g,10,4.01,1.88,2.03,2.2,1.7000000000000002,3.12,3.79,5.88,aspettativa
iygvyn9,5,1.4500000000000002,1.7800000000000002,1.62,2.0,1.21,1.1600000000000001,1.5,2.16,aspettativa
iyf6dzg,41,15.489999999999997,7.3100000000000005,6.16,8.29,4.25,13.24,14.969999999999997,18.270000000000003,aspettativa
iyex6nw,9,2.74,3.38,2.76,2.59,1.83,2.12,3.29,4.590000000000001,aspettativa
iye51gr,8,1.86,2.04,1.45,1.7800000000000002,0.7600000000000001,1.7400000000000002,2.0,3.46,aspettativa
iycxitw,65,23.589999999999993,13.979999999999995,10.89,11.749999999999995,5.96,22.07999999999999,16.969999999999988,31.21,aspettativa
iycwplh,8,2.8200000000000003,1.71,1.12,1.29,0.54,2.9800000000000004,2.46,4.0,aspettativa
iyctica,7,3.5300000000000002,1.2500000000000002,1.0400000000000003,0.9899999999999999,0.54,2.2600000000000002,2.87,3.83,aspettativa
iycmlqp,5,2.08,0.87,0.79,1.0,0.5399999999999999,2.34,2.26,2.76,aspettativa
iyciqz2,14,4.5,3.8600000000000003,3.62,4.300000000000001,1.32,4.6000000000000005,5.2,6.46,aspettativa
iych8rr,4,1.4100000000000001,0.79,0.8300000000000001,0.53,0.5800000000000001,0.8700000000000001,1.79,1.54,sorpresa
iyapkjh,11,2.4899999999999998,2.16,2.47,2.71,1.96,2.15,2.45,3.5300000000000002,aspettativa
iya19b1,45,15.979999999999997,9.41,9.55,10.100000000000001,5.46,17.03999999999999,11.930000000000001,20.019999999999996,aspettativa
iy7qan3,8,2.2,2.45,2.5,2.29,2.01,2.87,2.92,3.76,aspettativa
iy7oz2j,13,5.63,3.48,3.5300000000000002,2.9,1.7,4.78,4.88,7.08,aspettativa
iy7mj2y,32,10.87,7.69,5.85,7.18,3.06,9.74,10.829999999999997,13.59,aspettativa
iy7mdbb,3,1.46,0.5800000000000001,0.5,0.58,0.34,0.75,1.34,1.71,aspettativa
iy7liay,51,17.95,8.540000000000003,8.66,9.989999999999998,4.38,17.639999999999997,13.709999999999994,22.55,aspettativa
iy7h6j9,10,1.94,1.7800000000000002,1.72,2.62,1.22,2.25,2.5000000000000004,3.88,aspettativa
iy7d3fx,5,1.96,0.74,0.8200000000000001,0.71,0.5,1.75,1.83,2.63,aspettativa
iy6d4c7,67,21.659999999999997,16.649999999999995,15.059999999999999,16.31,9.709999999999996,19.500000000000007,18.060000000000002,24.97,aspettativa
iy4c6lh,57,20.359999999999992,9.5,9.76,11.719999999999995,6.830000000000001,17.59999999999999,15.459999999999994,22.75999999999999,aspettativa
iy425br,18,5.49,3.62,3.4000000000000004,3.9400000000000004,1.83,4.91,5.19,6.34,aspettativa
iy3cm4g,16,6.53,3.8600000000000003,4.17,4.86,2.63,6.21,5.25,8.24,aspettativa
iy0myh8,47,19.469999999999995,9.41,8.01,9.919999999999995,5.3,18.570000000000004,13.28999999999999,24.70000000000001,aspettativa
ixz5pe7,7,2.04,1.28,1.08,1.67,0.37000000000000005,2.0300000000000002,2.3099999999999996,2.88,aspettativa
ixynj62,24,7.48,6.52,6.5600000000000005,5.65,4.63,6.749999999999999,6.84,9.219999999999999,aspettativa
ixylp0n,59,16.969999999999988,9.86,8.889999999999999,10.409999999999997,6.6499999999999995,15.199999999999992,18.95999999999998,26.970000000000002,aspettativa
ixwpxe1,33,11.109999999999998,7.17,6.37,8.62,3.7500000000000004,9.83,8.270000000000001,16.259999999999998,aspettativa
ixvexor,24,8.33,3.95,3.79,5.989999999999999,1.9999999999999998,10.639999999999999,8.51,12.660000000000005,aspettativa
ixqe3jq,4,1.08,1.25,1.42,1.42,1.0,0.58,2.08,1.71,sorpresa
ixnuu01,34,11.739999999999998,7.420000000000001,6.150000000000001,7.57,3.88,10.869999999999997,12.209999999999997,16.360000000000003,aspettativa
ixnsnvk,16,4.97,2.54,2.46,2.1000000000000005,1.63,4.3100000000000005,5.680000000000001,6.58,aspettativa
ixmzq88,124,38.979999999999976,21.559999999999988,21.02999999999998,22.21999999999999,12.509999999999987,39.27,26.55999999999998,52.899999999999984,aspettativa
ixlno1t,12,5.04,2.12,1.6199999999999999,2.0700000000000003,1.3699999999999999,4.78,4.82,6.46,aspettativa
ixhiq45,83,27.799999999999997,17.96999999999999,13.609999999999994,14.939999999999992,8.38,23.939999999999998,20.64,33.26,aspettativa
ixh1lpi,32,8.74,6.4,6.53,5.64,3.9400000000000004,8.010000000000002,7.65,13.47,aspettativa
ixgofdv,89,35.91999999999999,16.279999999999998,15.179999999999996,20.869999999999987,8.53,30.859999999999996,24.659999999999993,40.160000000000004,aspettativa
ixeazqd,13,3.99,3.76,3.16,3.4899999999999998,1.9699999999999998,3.24,5.33,6.92,aspettativa
ixe9i4u,30,7.63,4.46,3.8299999999999996,3.92,2.6100000000000003,7.96,6.86,11.849999999999998,aspettativa
ixe4hv6,15,4.08,2.54,2.24,1.9500000000000002,1.1600000000000001,4.57,4.04,6.57,aspettativa
ixd6hs4,11,3.2700000000000005,2.9099999999999997,2.8000000000000003,3.32,1.74,2.83,3.5,4.63,aspettativa
ixd69in,40,17.149999999999995,5.87,5.47,8.55,3.3600000000000003,16.959999999999994,13.579999999999998,21.27,aspettativa
ixc5c1f,3,0.41000000000000003,0.62,0.62,0.41,0.29000000000000004,0.29000000000000004,1.21,1.29,aspettativa
ixa8lpk,13,3.9000000000000004,2.65,2.12,1.9900000000000002,1.08,3.7700000000000005,3.5300000000000002,6.03,aspettativa
ix8xkmp,35,5.23,7.94,9.65,9.299999999999999,6.699999999999999,7.000000000000001,7.09,12.399999999999999,aspettativa
ix8pe2a,72,26.209999999999976,14.839999999999991,16.139999999999997,15.709999999999987,9.079999999999998,20.109999999999996,20.31999999999999,29.860000000000003,aspettativa
ix8np4a,39,15.329999999999998,11.04,10.349999999999996,10.379999999999999,6.79,11.73,12.83,17.020000000000003,aspettativa
ix7p2ho,77,22.039999999999996,16.310000000000002,16.34999999999999,19.26,11.249999999999995,22.73,18.089999999999993,30.86,aspettativa
ix5afcf,7,2.05,0.9500000000000001,0.8200000000000001,1.22,0.42000000000000004,2.0,2.42,4.01,aspettativa
ix4s1x1,5,2.1100000000000003,1.3399999999999999,1.04,1.29,1.12,1.37,2.25,2.38,aspettativa
ix376qk,22,5.9,4.75,4.78,4.55,3.09,6.07,5.2,8.36,aspettativa
ix33jiy,127,37.52999999999999,28.39,26.68,26.379999999999985,16.88999999999999,41.06999999999998,31.19000000000001,51.980000000000004,aspettativa
ix31wju,10,3.58,2.16,2.29,2.25,1.21,4.04,3.59,4.64,aspettativa
ix12hjl,22,8.689999999999998,3.49,3.05,4.36,2.0100000000000002,7.82,6.45,10.610000000000001,aspettativa
iwz6fu1,27,10.219999999999999,6.7,6.53,4.99,2.91,10.200000000000001,8.370000000000001,11.789999999999997,aspettativa
iwylaxg,52,16.50999999999999,10.209999999999999,9.709999999999999,12.119999999999994,5.99,16.229999999999993,14.149999999999991,22.770000000000003,aspettativa
iwyec0t,9,2.62,3.51,3.2800000000000002,3.0500000000000003,2.08,2.17,2.5,4.2,aspettativa
iwyebub,9,2.62,3.51,3.2800000000000002,3.0500000000000003,2.08,2.17,2.5,4.2,aspettativa
iwxxmaz,8,2.4000000000000004,2.21,2.4899999999999998,2.58,2.5100000000000002,1.6500000000000004,3.59,3.3899999999999997,sorpresa
iwvjz9k,5,0.99,1.45,0.99,0.71,0.29000000000000004,0.8700000000000001,1.34,1.83,aspettativa
iwvexi5,3,1.6600000000000001,0.58,0.45,0.62,0.21000000000000002,0.5,1.25,2.04,aspettativa
iwuv8li,7,2.15,1.29,1.3299999999999998,1.25,0.7400000000000001,0.99,3.17,3.33,aspettativa
iwuepic,21,6.7700000000000005,3.62,4.36,4.8100000000000005,2.91,7.04,5.29,9.69,aspettativa
iwr6yub,10,3.5,1.6700000000000002,1.7500000000000002,1.77,0.61,3.25,2.7800000000000002,4.75,aspettativa
iwr6tzi,6,2.8800000000000003,1.12,0.96,0.6699999999999999,0.8300000000000001,1.9900000000000002,2.0,2.83,gioia
iwr669h,3,1.37,0.66,0.45,0.45999999999999996,0.33,0.7500000000000001,1.29,1.83,aspettativa
iwnb0zc,2,0.45,0.33,0.33,0.29,0.17,0.12,0.9600000000000001,0.75,sorpresa
iwn72hq,5,1.7800000000000002,0.9899999999999999,1.25,0.7,1.42,1.21,1.63,2.45,aspettativa
iwlu6j5,5,1.87,2.6100000000000003,2.1100000000000003,2.5,1.5899999999999999,1.58,2.04,2.46,tristezza
iwkxxqb,16,6.15,4.92,3.8700000000000006,4.99,2.54,5.05,5.57,8.200000000000001,aspettativa
iwkp36c,4,1.21,0.87,1.12,1.0899999999999999,1.0,1.1600000000000001,1.3800000000000001,2.7199999999999998,aspettativa
iwjaptm,23,9.61,4.67,3.96,4.2,2.4699999999999998,8.68,6.87,10.47,aspettativa
iwipa10,83,30.619999999999987,19.079999999999995,15.809999999999993,16.939999999999998,8.65,26.699999999999992,24.629999999999992,36.01999999999999,aspettativa
iwi4go4,36,10.46,7.11,6.49,7.5,3.37,10.380000000000003,9.3,12.770000000000001,aspettativa
iwhx6r5,12,3.69,2.19,1.9900000000000002,2.2,1.18,3.6400000000000006,4.19,5.96,aspettativa
iwggp23,16,6.15,4.92,3.8700000000000006,4.99,2.54,5.05,5.57,8.200000000000001,aspettativa
iwg8cx7,10,2.58,3.49,2.29,3.05,1.5,2.24,4.04,4.89,aspettativa
iwg5p76,25,9.139999999999999,4.470000000000001,4.5200000000000005,5.2,2.7700000000000005,8.76,7.4,11.699999999999998,aspettativa
iwdlkd3,10,3.16,1.7800000000000002,1.28,2.13,1.1300000000000001,2.29,3.5300000000000002,4.24,aspettativa
iwcj5nc,29,7.74,9.669999999999996,9.28,7.73,5.79,6.32,6.340000000000001,10.419999999999998,aspettativa
iwchbe8,13,4.13,3.87,3.7800000000000002,3.94,3.08,3.3500000000000005,4.57,7.13,aspettativa
iwb2id5,15,5.83,3.29,2.81,2.6,1.86,5.0600000000000005,4.53,7.45,aspettativa
iw7qeca,8,1.45,2.03,1.24,1.5299999999999998,0.67,1.0699999999999998,1.9900000000000002,2.15,aspettativa
iw6yp2i,19,7.32,4.680000000000001,4.24,4.35,1.6400000000000001,4.57,5.46,7.46,aspettativa
ivxub6a,98,30.420000000000005,21.04999999999999,21.04,23.31999999999998,11.239999999999995,28.10999999999999,26.91,41.54999999999999,aspettativa
ivw9bpz,33,8.46,7.2700000000000005,6.75,9.03,5.240000000000001,12.249999999999998,9.5,14.909999999999995,aspettativa
ivvkg1v,79,36.58,20.400000000000002,17.430000000000007,16.739999999999995,9.579999999999997,30.309999999999985,23.020000000000003,36.87,aspettativa
ivv6a63,3,2.04,0.5,0.6200000000000001,0.37,0.34,0.75,1.33,1.37,gioia
ivtpldj,93,32.35999999999998,19.890000000000008,21.3,22.42999999999999,13.059999999999995,30.71999999999999,26.429999999999996,42.209999999999994,aspettativa
ivsy8go,19,5.8999999999999995,3.4700000000000006,3.8200000000000003,4.23,2.17,5.38,5.32,8.19,aspettativa
ivst4uw,10,3.37,2.21,1.7399999999999998,2.0,0.74,4.07,3.0300000000000002,4.93,aspettativa
ivsr527,10,2.91,4.19,3.0,4.41,1.8,2.0900000000000003,3.84,4.01,paura
ivsqedn,8,2.54,1.53,1.6099999999999999,2.45,0.8400000000000001,1.7,2.7800000000000002,3.04,aspettativa
ivsk21q,11,5.23,2.41,1.83,2.4,1.37,3.17,5.04,5.41,aspettativa
ivopjcb,1,0.33,0.33,0.33,0.29,0.17,0.04,0.92,0.71,sorpresa
ivo970l,5,2.33,1.04,1.17,0.69,0.84,1.4600000000000002,2.3400000000000003,2.49,aspettativa
ivo2bf8,39,13.939999999999998,6.029999999999999,5.470000000000001,6.640000000000001,2.7300000000000004,11.959999999999996,11.739999999999998,17.78,aspettativa
ivo1x1m,9,3.8600000000000003,2.5300000000000002,2.28,2.21,1.34,2.45,4.17,4.62,aspettativa
ivnymef,12,3.16,2.32,2.7,2.27,1.49,3.7399999999999998,3.67,5.83,aspettativa
ivnwrca,76,18.400000000000002,16.909999999999993,18.979999999999993,17.33,11.389999999999999,18.939999999999994,18.24,28.85,aspettativa
ivlttjp,27,6.57,6.44,6.26,8.42,3.67,6.880000000000001,5.7700000000000005,11.139999999999995,aspettativa
ivkt4wf,3,1.83,0.54,0.45,0.32999999999999996,0.21000000000000002,1.12,1.55,1.71,gioia
ivkmb0k,23,9.27,5.3,3.8600000000000003,4.590000000000001,2.1100000000000003,9.120000000000001,7.22,12.009999999999998,aspettativa
ivkcq6f,11,2.12,2.49,1.69,2.04,0.9,1.5899999999999999,3.2,2.91,sorpresa
ivkaqdf,26,9.890000000000002,5.6000000000000005,6.57,5.82,4.65,8.28,7.91,12.66,aspettativa
ivjbr46,9,5.08,1.9999999999999996,1.83,1.62,0.88,3.92,3.5,4.93,gioia
ivj36re,12,4.74,3.21,2.91,3.95,2.12,4.11,3.95,6.63,aspettativa
ivea6n9,15,6.02,1.81,1.83,2.2,1.3299999999999998,5.13,5.35,8.18,aspettativa
ivcjjct,45,17.809999999999995,9.059999999999997,7.340000000000001,9.199999999999996,4.26,19.74999999999999,11.649999999999999,24.45,aspettativa
ivc7gpb,11,2.7800000000000002,2.54,2.36,2.91,2.2,2.66,3.54,4.5,aspettativa
ivbftf9,3,1.2400000000000002,0.8300000000000001,0.54,0.45999999999999996,0.41000000000000003,0.7000000000000001,1.29,1.71,aspettativa
ivbd1nv,113,37.37999999999998,27.879999999999995,26.429999999999975,31.309999999999995,15.449999999999994,34.449999999999996,30.160000000000014,48.230000000000004,aspettativa
ivaovad,7,3.04,1.9900000000000002,2.38,2.46,1.26,2.33,2.12,3.5,aspettativa
iva8zjf,45,17.399999999999995,7.030000000000001,7.470000000000001,10.539999999999996,5.36,16.229999999999997,13.719999999999995,22.859999999999996,aspettativa
iva6s3t,33,14.61,5.91,5.550000000000001,6.11,3.12,12.000000000000002,11.899999999999997,17.48,aspettativa
iva3tic,25,6.69,5.120000000000001,5.0,5.8500000000000005,3.05,7.220000000000001,5.4,10.700000000000001,aspettativa
iv9vcpj,21,6.78,4.43,4.949999999999999,4.130000000000001,3.05,4.91,4.7700000000000005,7.96,aspettativa
iv9m1a4,32,10.89,4.8500000000000005,3.670000000000001,4.42,2.19,9.879999999999997,9.31,15.460000000000004,aspettativa
iv9hry0,45,12.069999999999997,9.539999999999997,11.209999999999997,12.619999999999992,6.59,12.619999999999992,13.209999999999997,18.73,aspettativa
iv7n62n,17,3.6900000000000004,2.6,3.25,2.9300000000000006,2.1500000000000004,4.36,5.15,6.19,aspettativa
iv7j0ci,10,4.53,2.1,1.82,2.32,1.25,3.05,4.13,4.859999999999999,aspettativa
iv76y79,6,1.44,0.7000000000000001,1.25,0.7000000000000001,0.7200000000000001,1.08,1.87,2.91,aspettativa
iv6r12k,24,7.66,5.16,4.25,6.36,2.8699999999999997,8.14,6.04,10.09,aspettativa
iv6ik3o,45,13.570000000000002,14.21,11.889999999999997,13.66,8.38,12.489999999999998,11.420000000000002,17.899999999999995,aspettativa
iv6c40k,12,4.57,2.5600000000000005,2.6,2.0399999999999996,1.33,3.03,4.26,5.47,aspettativa
iv61fzw,10,3.24,2.09,3.2800000000000002,2.62,2.59,2.4000000000000004,3.2,4.449999999999999,aspettativa
iv5eqc9,13,3.1900000000000004,4.2,4.61,4.96,3.26,2.35,4.78,4.79,paura
iv50kz5,20,8.19,6.59,5.9,5.94,3.92,6.45,7.8,9.54,aspettativa
iv4w6nh,36,12.07,11.259999999999998,10.919999999999995,11.549999999999997,5.82,11.059999999999999,10.449999999999996,15.31,aspettativa
iv2q0oi,63,23.519999999999996,10.010000000000002,9.159999999999997,12.879999999999997,4.88,22.239999999999995,14.649999999999995,29.660000000000014,aspettativa
iv2nfs6,22,6.1000000000000005,5.83,4.74,5.55,2.58,4.6000000000000005,5.7299999999999995,8.88,aspettativa
iv2l48f,26,10.09,5.38,5.12,5.49,3.05,10.15,7.81,12.920000000000003,aspettativa
iv29c83,3,0.8300000000000001,0.41000000000000003,0.37,0.32999999999999996,0.17,0.5,1.1600000000000001,1.62,aspettativa
iv1wanj,42,11.439999999999996,10.89,9.33,11.110000000000003,4.510000000000001,11.449999999999998,9.59,15.279999999999998,aspettativa
iv0bz2o,2,0.62,0.33,0.33,0.32999999999999996,0.17,0.08,1.17,1.13,sorpresa
iv075tc,36,10.599999999999998,10.16,10.06,10.069999999999999,5.55,11.759999999999998,7.79,15.56,aspettativa
iv0428g,4,1.62,1.37,1.71,1.67,1.26,1.08,1.63,2.42,aspettativa
iuy5ecr,13,4.33,2.65,2.37,2.13,1.6099999999999999,3.13,4.58,5.93,aspettativa
iuwqysp,20,6.42,4.16,3.8200000000000003,3.3100000000000005,2.19,6.87,5.36,9.61,aspettativa
iuwn29h,2,0.5800000000000001,0.75,0.75,0.58,0.7100000000000001,0.04,0.9600000000000001,0.83,sorpresa
iuw9rrx,34,8.259999999999998,9.87,10.030000000000001,9.78,7.28,11.12,10.18,13.760000000000002,aspettativa
iutvl1z,32,10.96,6.760000000000001,6.86,7.04,4.74,10.65,7.5600000000000005,13.900000000000002,aspettativa
iura46l,21,6.53,4.75,6.08,5.02,4.72,5.73,6.37,8.360000000000001,aspettativa
iur38q1,28,8.39,5.33,4.109999999999999,6.170000000000001,3.31,7.640000000000001,8.610000000000001,9.959999999999999,aspettativa
iunkd8o,3,1.1600000000000001,0.8300000000000001,1.1600000000000001,1.0,1.0,0.7100000000000001,1.83,1.8399999999999999,aspettativa
iun6pmg,20,7.54,3.18,3.0100000000000002,3.2700000000000005,1.8200000000000003,6.22,5.87,8.610000000000001,aspettativa
iummwbc,17,5.58,2.23,1.9500000000000002,2.6300000000000003,1.45,5.870000000000001,4.49,8.49,aspettativa
iuip9uk,3,1.33,0.79,0.41000000000000003,0.5800000000000001,0.21000000000000002,0.8300000000000001,1.42,1.5899999999999999,aspettativa
iuike45,10,2.6999999999999997,2.29,2.11,3.0,1.0,3.35,2.7,4.67,aspettativa
iui16c8,17,6.84,3.23,2.04,2.9899999999999998,2.0100000000000002,3.93,4.94,6.88,aspettativa
iuhilkb,6,1.37,1.58,1.87,2.33,1.46,1.0699999999999998,2.12,1.8699999999999999,paura
iuh473c,14,6.09,2.88,2.82,2.3,1.6600000000000001,4.930000000000001,4.09,6.93,aspettativa
iuh39b1,3,0.8700000000000001,0.8700000000000001,1.4100000000000001,1.4100000000000001,0.7500000000000001,0.66,1.5899999999999999,1.5799999999999998,sorpresa
iuf47qc,18,7.72,3.81,2.2800000000000002,3.7399999999999998,2.12,5.47,6.12,8.62,aspettativa
iuemotc,71,22.52,17.08,18.14999999999999,21.029999999999998,12.03,21.499999999999993,18.449999999999996,28.740000000000006,aspettativa
iuec4di,3,1.03,0.9199999999999999,0.9199999999999999,0.71,0.37,0.54,1.38,1.46,aspettativa
iue5nks,8,3.33,1.27,1.38,1.4500000000000002,0.65,2.75,4.37,4.46,aspettativa
iudz2y6,13,4.65,2.5,3.37,3.87,2.0,4.04,4.82,5.49,aspettativa
iud1g6z,15,3.74,4.33,3.63,4.05,2.26,2.9099999999999997,4.16,6.41,aspettativa
iucex8y,20,7.69,4.88,5.03,4.75,3.16,6.74,5.5,10.15,aspettativa
iub4gmr,15,6.64,3.23,3.37,4.13,2.04,6.180000000000001,4.62,8.05,aspettativa
iuazuc5,10,4.24,1.79,1.8599999999999999,2.6100000000000003,0.83,4.25,3.3899999999999997,5.38,aspettativa
iuaupqe,19,6.07,3.37,2.74,2.5300000000000002,1.4899999999999998,5.89,4.45,7.64,aspettativa
iuadkg2,6,2.38,0.87,0.95,1.1199999999999999,0.42,1.95,2.71,3.96,aspettativa
hqepe44,10,2.9699999999999998,2.07,1.87,1.7400000000000002,0.79,2.16,2.63,3.13,aspettativa
hqb5uwf,13,6.46,2.0,1.9499999999999997,2.04,0.9800000000000001,4.91,4.79,6.37,gioia
hqau7p8,17,4.99,3.9600000000000004,3.86,4.08,1.96,4.34,4.92,7.21,aspettativa
hpuzdh2,9,2.33,1.96,1.95,2.49,1.76,2.0,2.75,3.37,aspettativa
hpt9w45,7,3.16,1.5,1.37,1.66,0.8900000000000001,2.5300000000000002,3.05,4.06,aspettativa
hpt0ps9,10,4.71,1.04,1.12,1.83,0.79,4.32,3.24,5.07,aspettativa
hpsvjop,27,6.81,10.600000000000001,10.129999999999999,12.099999999999998,6.39,7.13,7.290000000000001,11.809999999999997,paura
hpsuq2j,35,12.179999999999998,8.85,7.300000000000001,10.599999999999998,4.48,13.02,8.619999999999997,18.359999999999996,aspettativa
hpsugdt,13,4.62,3.04,2.99,2.6500000000000004,2.01,4.49,4.12,5.53,aspettativa
hpstyxp,16,3.58,3.75,4.3,3.7200000000000006,2.8800000000000003,3.73,4.760000000000001,6.45,aspettativa
hpm7o7a,11,3.66,3.17,3.54,2.7800000000000002,1.71,3.25,3.75,4.9,aspettativa
hplzdvd,41,14.739999999999995,8.020000000000001,6.37,8.620000000000001,4.390000000000001,14.759999999999998,12.069999999999995,20.380000000000006,aspettativa
hph4j30,53,14.88999999999999,9.789999999999997,9.629999999999999,10.839999999999996,7.03,16.229999999999993,16.879999999999995,22.890000000000004,aspettativa
hpb0cxz,7,1.8600000000000003,3.08,2.33,1.72,1.21,1.42,1.91,3.29,aspettativa
hp4zq2q,30,13.759999999999996,6.29,5.85,6.63,3.88,10.41,9.909999999999995,14.81,aspettativa
hosr491,23,8.83,5.07,4.470000000000001,6.2,3.0900000000000003,7.0200000000000005,7.94,11.73,aspettativa
hosftbv,14,5.75,4.04,4.74,2.96,3.0100000000000002,3.9400000000000004,4.66,6.430000000000001,aspettativa
hosfab4,14,5.96,3.04,2.66,3.08,1.87,3.74,6.25,6.89,aspettativa
hosebpi,10,4.71,2.58,2.24,2.29,1.67,3.0900000000000003,4.21,5.97,aspettativa
homu22x,27,9.200000000000001,5.0200000000000005,5.7700000000000005,4.3500000000000005,4.67,7.07,8.59,10.42,aspettativa
hojadih,69,28.15999999999999,12.109999999999994,10.089999999999998,12.35,5.370000000000001,21.049999999999997,18.469999999999995,32.100000000000016,aspettativa
ho9w1rd,4,0.66,0.49,0.53,0.49,0.29000000000000004,0.53,1.29,1.38,aspettativa
ho06ffh,8,2.49,1.03,1.21,1.49,0.46,1.6600000000000001,2.2800000000000002,3.63,aspettativa
ho031hx,10,3.08,1.55,1.58,1.78,1.23,2.66,2.6100000000000003,4.08,aspettativa
hnzxnf3,10,3.25,2.21,2.21,1.6500000000000001,1.5700000000000003,2.62,2.37,3.62,aspettativa
hnpdom1,8,3.71,2.25,1.27,1.56,0.86,2.2399999999999998,3.2,3.92,aspettativa
hnmky3e,8,3.7,1.87,1.71,1.5,0.62,3.25,2.5500000000000003,4.76,aspettativa
hmnecr8,26,10.739999999999998,7.0200000000000005,5.87,6.47,3.33,9.729999999999999,8.39,13.300000000000004,aspettativa
hmlf55e,25,9.48,5.52,4.86,4.49,3.46,8.25,7.05,10.489999999999998,aspettativa
hmldd8q,43,17.83,8.84,7.3,6.560000000000001,3.39,15.459999999999999,12.749999999999998,18.720000000000002,aspettativa
hmkqp7m,20,6.5,4.04,3.24,4.1000000000000005,2.11,6.510000000000001,5.130000000000001,8.49,aspettativa
hmkpws1,10,2.12,4.13,3.63,4.2,2.3600000000000003,2.0200000000000005,3.67,4.13,paura
hmjf1va,47,14.53999999999999,10.839999999999993,9.079999999999998,11.579999999999995,7.47,15.129999999999994,14.819999999999991,19.820000000000007,aspettativa
hmj8urx,71,28.549999999999983,14.359999999999994,13.879999999999997,15.559999999999999,8.260000000000002,27.099999999999998,22.540000000000006,33.35000000000001,aspettativa
hmf4s4a,29,8.48,5.470000000000001,4.0,6.2700000000000005,2.8,7.46,8.01,11.13,aspettativa
hmdn5fh,9,3.0,1.58,0.8699999999999999,1.54,0.87,2.83,3.13,4.71,aspettativa
hmdfdpe,17,5.11,3.4,3.2,2.8500000000000005,2.46,3.7600000000000007,5.04,5.54,aspettativa
hmbuou3,6,3.2,1.29,1.16,1.15,0.87,2.46,2.92,3.0,gioia
hmaa5bp,12,3.9999999999999996,1.9400000000000004,2.48,1.9999999999999998,0.75,3.04,3.3500000000000005,5.12,aspettativa
hlvbwra,23,5.5,4.32,3.83,5.36,2.75,4.98,4.760000000000001,9.409999999999998,aspettativa
hlu0avk,11,2.4499999999999997,2.99,1.45,2.33,1.1,1.7,2.24,4.04,aspettativa
hl124hu,16,4.96,4.12,3.3100000000000005,4.36,3.0700000000000003,4.48,4.98,6.21,aspettativa
hku54al,29,11.639999999999999,5.95,5.96,6.250000000000001,3.6899999999999995,8.11,11.87,14.219999999999997,aspettativa
hkmp998,9,3.84,1.1600000000000001,0.99,1.25,0.58,2.7,3.3200000000000003,4.54,aspettativa
hklpzda,319,122.86000000000007,62.219999999999985,61.110000000000035,79.59,34.22999999999998,122.1200000000001,97.06000000000016,154.80000000000004,aspettativa
hkg0zza,56,20.980000000000008,12.779999999999996,12.709999999999996,14.559999999999993,8.139999999999999,17.71,16.399999999999995,25.75000000000001,aspettativa
hkcafv5,30,5.57,3.6600000000000006,2.9200000000000004,4.07,2.0200000000000005,6.800000000000001,8.19,10.24,aspettativa
hk3c45b,1,0.42,0.33,0.29,0.46,0.33,0.17,0.67,0.71,aspettativa
hk2euv4,16,4.45,3.67,3.2099999999999995,3.74,1.9100000000000001,3.66,4.38,5.6,aspettativa
hk2csjw,124,36.650000000000006,26.80999999999999,24.3,24.84,15.129999999999985,35.98999999999998,32.06000000000001,51.53,aspettativa
hk2bhib,29,8.84,7.24,6.78,7.750000000000001,4.569999999999999,9.0,9.899999999999997,13.689999999999998,aspettativa
hk28ydr,26,7.470000000000001,6.73,6.03,6.74,3.94,9.700000000000001,6.0,12.25,aspettativa
hjzxr5k,8,1.71,2.4899999999999998,1.99,1.8599999999999999,1.29,1.7400000000000002,2.3,3.4699999999999998,aspettativa
hjyns6n,18,6.61,2.9800000000000004,3.22,4.84,1.55,5.869999999999999,6.25,10.07,aspettativa
hjymmg0,18,5.13,5.33,5.41,4.220000000000001,2.84,4.819999999999999,4.390000000000001,7.44,aspettativa
hjyhgfw,16,3.83,4.5,5.21,4.4,3.29,3.84,3.28,5.2,rabbia
hjxvgb4,2,0.75,0.08,0.29,0.21000000000000002,0.04,0.79,0.5,1.2,aspettativa
hin2u78,3,0.45,0.62,1.29,0.6599999999999999,1.13,0.08,1.8,0.87,sorpresa
hi0ooip,5,1.5,1.49,2.04,0.9600000000000001,0.46,1.03,2.63,2.38,sorpresa
hhm1reu,21,7.3100000000000005,4.360000000000001,4.32,5.16,3.1599999999999997,5.98,5.75,8.669999999999998,aspettativa
hgz8o4h,7,2.99,1.82,1.4500000000000002,1.29,1.04,2.5300000000000002,2.54,3.42,aspettativa
hgyfuwc,40,13.939999999999998,7.470000000000001,6.890000000000001,9.020000000000001,3.7300000000000004,13.76,11.079999999999998,16.12,aspettativa
hgiimjy,15,5.53,2.92,3.01,3.3600000000000003,2.04,5.67,4.95,7.05,aspettativa
hg96thy,53,14.099999999999998,12.119999999999994,13.759999999999998,16.78,9.1,14.379999999999995,16.999999999999996,20.169999999999998,aspettativa
hfq6k94,14,4.1000000000000005,2.58,2.96,2.87,1.21,4.28,3.34,5.67,aspettativa
hfc1ufo,24,5.4,5.38,5.5200000000000005,6.340000000000001,3.5500000000000003,5.500000000000001,7.16,9.12,aspettativa
hf2mefx,20,5.32,6.04,5.340000000000001,7.22,3.17,7.02,5.33,8.579999999999998,aspettativa
heql8kp,40,13.72,6.6000000000000005,5.83,7.42,3.49,12.9,12.039999999999997,15.32,aspettativa
hekkb29,4,0.82,1.0,1.24,1.24,0.63,0.45999999999999996,1.54,1.42,sorpresa
he8u9us,6,0.9100000000000001,2.04,2.33,2.04,1.55,1.09,1.75,2.21,rabbia
he51l6d,49,12.659999999999997,11.680000000000001,12.620000000000001,14.39,7.62,15.539999999999996,12.509999999999996,19.22,aspettativa
hdb3g7a,217,75.33999999999999,43.24999999999998,40.470000000000006,43.83999999999996,25.44999999999999,66.95999999999997,51.64000000000001,91.83000000000001,aspettativa
hczodxi,33,11.049999999999995,5.83,6.32,8.04,3.97,10.419999999999998,8.03,13.929999999999998,aspettativa
hcxftxn,62,17.76,14.569999999999995,13.679999999999998,15.589999999999995,7.5600000000000005,16.399999999999995,18.169999999999998,23.27,aspettativa
hcup3o2,16,2.81,5.4,6.0,7.21,4.12,3.8,4.720000000000001,5.25,paura
hcudtp7,40,13.169999999999996,8.57,9.030000000000003,10.779999999999998,4.8,13.259999999999998,14.509999999999996,20.74,aspettativa
hct3ikw,4,1.25,1.45,0.88,1.34,0.59,0.71,1.54,1.25,sorpresa
hcazqrw,11,4.1899999999999995,1.88,2.33,1.86,1.5,2.82,3.79,4.54,aspettativa
hc7eo5w,10,2.83,1.6500000000000001,1.1600000000000001,1.2800000000000002,1.21,2.74,3.12,4.12,aspettativa
hc78e1b,12,3.0300000000000002,1.62,1.62,2.29,1.1300000000000001,3.42,3.08,5.84,aspettativa
hc74662,20,8.069999999999999,4.63,4.71,4.75,2.5,6.51,5.7299999999999995,10.45,aspettativa
hbi1let,7,3.34,2.04,1.7000000000000002,1.6300000000000001,1.0,1.29,3.26,3.33,gioia
hbf2hil,58,22.02999999999999,11.499999999999995,9.16,13.189999999999996,5.130000000000001,20.43999999999999,16.679999999999993,26.879999999999985,aspettativa
hbf1sle,53,20.71,6.760000000000001,5.420000000000002,7.91,5.630000000000001,17.720000000000002,16.839999999999996,26.27,aspettativa
hbavpsu,4,3.0900000000000003,0.5800000000000001,0.7000000000000001,0.54,0.45999999999999996,1.7,1.79,2.16,gioia
hbav25h,3,0.5800000000000001,0.7,0.75,0.58,0.67,0.49999999999999994,1.38,1.25,sorpresa
hawkigc,7,2.67,1.2100000000000002,0.8999999999999999,1.1600000000000001,0.5,1.96,2.9200000000000004,4.17,aspettativa
ha5kums,25,7.24,3.99,4.45,4.32,2.87,5.24,6.91,8.660000000000002,aspettativa
ha58ckg,16,4.62,2.8600000000000003,3.12,3.24,1.4100000000000001,4.2,4.32,6.03,aspettativa
ha50hrv,31,10.84,5.0600000000000005,4.19,6.2,2.9000000000000004,9.570000000000002,8.7,12.75,aspettativa
ha4w6d3,21,4.41,4.180000000000001,3.64,4.2,2.58,5.83,4.75,8.540000000000001,aspettativa
h83xfxd,15,5.57,3.38,3.59,3.71,1.3599999999999999,4.63,4.28,8.39,aspettativa
h7y4i1p,12,2.86,1.9899999999999998,1.9,2.2399999999999998,1.4100000000000001,2.7399999999999998,4.07,4.29,aspettativa
h7y471i,11,3.8600000000000003,1.7100000000000002,1.2000000000000002,1.03,0.62,4.55,4.18,6.97,aspettativa
h7xr3zf,10,3.24,1.75,1.1600000000000001,1.03,1.22,2.5000000000000004,3.3400000000000003,4.76,aspettativa
h7xoo1o,16,5.7700000000000005,3.5,3.3500000000000005,2.4699999999999998,2.27,5.26,4.34,7.96,aspettativa
h7wxkz7,6,2.49,1.71,1.3399999999999999,1.6600000000000001,0.63,2.04,2.67,3.08,aspettativa
h7vmbnj,0,0.0,0.0,0.0,0.0,0.0,0.0,0.0,0.0,neutrale
h7uls20,3,1.33,0.71,0.62,0.8300000000000001,0.38,0.8700000000000001,1.96,1.58,sorpresa
h7slatp,36,11.93,9.29,8.329999999999998,9.289999999999997,4.34,10.929999999999996,10.650000000000002,15.249999999999998,aspettativa
