,frequenza
anarchice,1
sessione,1
pub,1
dormere,1
sgomberare,1
calci,1
vendere li,1
presentandome,1
tragicomico,1
fare le,1
ingannevole,1
approvvigionamento,1
giustifichino,1
cronaca/20_luglio_01,1
sgradevola,1
radicato,1
beve,1
lasciarmi,1
valre,1
impesto,1
figuriamoci,1
blackouts,1
restar,1
bestiame,1
mementare,1
seppellito,1
ignorarere,1
aprendolo,1
casale,1
scaricabile,1
depilo,1
characterised,1
immune,1
multitasking,1
brico,1
griglia,1
comprare la,1
reinvestire,1
sportellino,1
praticarlo,1
brevissimo,1
clientela,1
fottuta,1
divento,1
inguina,1
battente,1
persistente,1
carto,1
ispezione,1
circostante,1
scooterre,1
stira,1
perpetuo,1
trans,1
tematico,1
vite,1
inaccessibile,1
lavagna,1
settantotto,1
garages,1
cotto,1
estremismo,1
komme,1
canile,1
estate=,1
over,1
decente,1
cospirare,1
quota,1
svernare,1
sopporto,1
schiatto,1
stancanta,1
imponente,1
veryre,1
susina,1
foltare,1
potere mi,1
appetito,1
rimborso,1
attraversamento,1
erezione,1
contagiare,1
direre,1
avambraccio,1
smuggling,1
modico,1
speranzoso,1
ghiro,1
opinabile,1
metterla,1
the,1
idillio,1
diplomare,1
upper,1
radicare,1
m,1
milliaia,1
host,1
rendevare,1
smiso,1
maleducato,1
cazzatine,1
aiutarti,1
perco,1
fuorisedere,1
sognavare,1
8kwh,1
ecc,1
stop,1
sopravvisso,1
insurrezione,1
tratta,1
sett,1
matrix,1
aspettarto,1
ammalare si,1
itinerare,1
miso,1
problemi,1
https://ec.europa.eu/jrc/en/pvgis,1
svenere,1
goderre mi,1
ritrovare si,1
torrefazione,1
scrittare,1
eurox,1
assurdità,1
inversore,1
espiatorio,1
assumerebbero,1
lasciamare,1
blandizia,1
gocciolare,1
penserai,1
fecio,1
rimino,1
lenzuola,1
convenere,1
cinguettio,1
affittare la,1
stage,1
pedonale,1
riassunto,1
asciugare si,1
has,1
calzette,1
subaffittare,1
parlando,1
pellet,1
vernare,1
irrisore,1
muovo,1
patriottismo,1
chiamo,1
costanza,1
g20,1
30enne,1
valua,1
fortificato,1
denunciarto,1
maleducare,1
poliennale,1
damma,1
fruttare,1
£,1
informandoto,1
riposira,1
evita,1
ordino,1
~3800,1
sopratuttare,1
vai,1
malata,1
citaddare,1
grounding,1
funivia,1
tazzina,1
trasformare la,1
sega,1
scavatore,1
scaltre,1
depilare mi,1
acquedotto,1
risiko,1
ciclabile,1
soprassedendo,1
direbbe,1
saldo,1
pagar,1
imbarcare si,1
centigradi,1
verrò,1
sfigare,1
portarto,1
generice,1
crollai,1
nutro,1
calling,1
terrere,1
valevare,1
comincare,1
mall,1
fateci,1
where,1
drenaggio,1
coetanea,1
regalare ci,1
corsia,1
robopac,1
climatizzazione,1
compere,1
bagaglio,1
amai,1
centralina,1
verifico,1
consumerai,1
readre,1
sederto,1
stando,1
moroccan,1
transazione,1
smettiamola,1
hacker,1
cava,1
reputare,1
mentacatto,1
dirigenti,1
restante,1
vaire,1
pannellare,1
stipito,1
-salvare,1
piaga,1
stranger,1
corse,1
lordo,1
tagliare si,1
ese,1
rovesciato,1
piroscafo,1
trentaduesimo,1
mangiavo,1
drasticamente,1
posate,1
controller,1
presentarmo,1
manodopera,1
hobbystico,1
uccidere ti,1
simulazione,1
burocrazia,1
accappatoere,1
brare,1
avvenere,1
dollar,1
obese,1
mon,1
neghare,1
prostituto,1
contropareto,1
diagnosi,1
velocizzare,1
allerta,1
mungere,1
bis,1
mojire,1
cucciolino,1
sgamare,1
sacrifico,1
cuscinetto,1
fluttuante,1
vedi,1
definitiva,1
schifezza,1
credibilità,1
malformazione,1
pretendio,1
stragrande,1
mi.trovo,1
dash,1
spicciolo,1
torrente,1
mia,1
prendo,1
termica,1
guardiano,1
rivedare,1
sopratutto,1
ananas,1
idratare,1
lasciare lo,1
scrupolo,1
mitra,1
onlina,1
procrastinare,1
paranoio,1
infrastructura,1
densità,1
atletica,1
piaciere,1
stoccaggio,1
use,1
esponenziale,1
forchetta,1
cracker,1
follow,1
matta,1
fornare,1
rimettere mi,1
élitaria,1
occupato,1
gestibile,1
starai,1
presi,1
italoamericano,1
integrarme,1
progettore,1
benzolio,1
leghista,1
capisco,1
caricatore,1
service,1
bunker,1
raccontare ti,1
arrivare ci,1
padanare,1
nesso,1
influencer,1
raccolgere,1
energivore,1
1°,1
tamarro,1
creero,1
omertà,1
10giorni,1
comodità,1
pagatore,1
leicità,1
efficentare,1
sapere lo,1
14esima,1
standoci,1
accere,1
stagna,1
spazzanevere,1
trip,1
riversare,1
generazionale,1
pattere,1
trasformi,1
vagone,1
ii,1
commerciare,1
disservizio,1
combattére,1
siccità,1
tv,1
mancherebbe,1
padano,1
timbrare,1
abruzzese,1
batuffolo,1
turca,1
time,1
balconcino,1
vandalizzato,1
offerto,1
sharing&resourcekey=0-fzlhpwgoyznoso,1
paralizzare,1
guidavo,1
😂,1
laureare si,1
fabbisogno,1
farcela,1
saluti,1
vivevare,1
sapevo,1
equatoriale,1
recluto,1
years,1
maglioncino,1
rinfrere,1
assimilabile,1
ammortamento,1
quartiere,1
bambù,1
risogliere,1
ritestare,1
redditors,1
catering,1
cugina,1
tutto,1
pestare,1
who,1
naivo,1
racchiuse,1
ciclicità,1
dosso,1
abetone,1
risolvibile,1
richiedevare,1
fare ne,1
raggiungessero,1
scricchiolare,1
adibire,1
h.,1
imparanoiato,1
prenotazione,1
megare,1
fare li,1
cominco,1
schiamazzo,1
alleati,1
rifuge,1
laureo,1
sensore,1
mettere si,1
ripropongere,1
giochetto,1
fare la,1
pm2.5,1
hahahahira,1
lombardo,1
viaggiavamo,1
steel,1
emessi,1
successere,1
stanziòre,1
dilaniare,1
olandese,1
colpirmi,1
ricreazione,1
pagare si,1
nascondevare,1
cinepanettone,1
ottico,1
miriade,1
piú,1
pizzata,1
esautorare,1
bacio,1
fammo,1
usabilità,1
chill,1
gradiscare,1
card,1
tanfo,1
elettrolito,1
accese,1
mele/,1
leggare,1
gia,1
villeggiatura,1
cagano,1
fartare,1
citare ne,1
lucina,1
riconosco,1
intermedie,1
ttps://preview.redd.it/roi0duh8y36a1.jpeg?width=921&format=pjpg&auto=webp&s=f57a57517c4a964f9c222603042cecc1cd608a58vere,1
sentivare,1
sottopagare,1
brasiliano,1
check,1
mandare mi,1
lungho,1
fanfaronare,1
letterato,1
barilla,1
used,1
gulag,1
minkie,1
pugliese,1
arretratezza,1
manovella,1
voarr,1
bricolare,1
poverella,1
imbottire,1
rifarei,1
immigrazione,1
equivalente,1
is,1
vespao,1
palle,1
boomer,1
guappo,1
salmastro,1
minorenne,1
sentii,1
deportazione,1
polline,1
perché,1
vaccinare si,1
these,1
chiamare li,1
controproducente,1
boreale,1
considerato,1
darmio,1
intere,1
disoccupare,1
chessò,1
ossa,1
view,1
dimmi,1
decine,1
nuance,1
instantaneo,1
traverso,1
tread,1
including,1
located,1
toccherà,1
ebeto,1
diventerà,1
acidulo,1
trovi,1
ammalare mi,1
convenientemente,1
coevo,1
litorale,1
cm,1
frusta,1
guarda,1
fits,1
chiamasi,1
govevrno,1
transpallet,1
coprio,1
bastere,1
aggiunta,1
often,1
alimentari,1
accentramento,1
mantenimento,1
esigente,1
qualo,1
tombola,1
risparmioso,1
incrociamo,1
potovere,1
tonno,1
allineato,1
thousands,1
cartoncesso,1
scompaiire,1
13esimo,1
precaricare,1
sarai,1
appresso,1
scrostare si,1
campanellina,1
alimentatore,1
durevolo,1
okmok,1
entirely,1
direi,1
gentili,1
lasciandone,1
lippe,1
retributivo,1
credimi,1
stivo,1
eran,1
infermieristico,1
1-lavorare,1
incivile,1
contattare li,1
accorgere,1
divorziato,1
allore,1
baltico,1
fideiussione,1
erasmus,1
🗣,1
tipe,1
enel-x,1
vivermi,1
migrated,1
leggo,1
malare,1
kwh,1
mettere mi,1
credo,1
arricchire ci,1
contratgere,1
cerchere,1
neglected,1
prompted,1
quantità,1
saldatore,1
c,1
fragore,1
defunto,1
camminatore,1
intensifying,1
declino,1
vertenza,1
schiamazzare,1
ostaggio,1
lamentare si,1
oltretuggere,1
bengalese,1
dire mi,1
capisce,1
smartworking,1
abire,1
lembo,1
sicilia,1
vizioso,1
body,1
glissare,1
contromare,1
rocciare,1
toccato,1
cassiere,1
petromiliardaro,1
gemellare,1
spalancato,1
rendimento,1
conoscere la,1
sentire si,1
so,1
cladare,1
ritieni,1
marijuana,1
mangiare la,1
compagnuccio,1
usare li,1
allagamente,1
carreggiata,1
scosso,1
informerei,1
raffreddamento,1
concrezione,1
bega,1
sanguinoso,1
florence,1
dinamiche,1
droghino,1
governance,1
surplus,1
financo,1
their,1
metteranno,1
vagliare,1
calzatura,1
risatinare,1
ecc.,1
anti,1
moltissima,1
capare,1
difficolgere,1
riescare,1
ripulire le,1
sconticino,1
futile,1
vallone,1
melanzano,1
telelavorare,1
paella,1
mammone,1
coming,1
immissione,1
illo,1
dò,1
dovrei,1
then,1
ibernato,1
trovato,1
bitcoin,1
lavabile,1
darto,1
sfruttamento,1
that,1
afoso,1
-1.673,1
digitalizzazione,1
giostra,1
garantiscere,1
ingente,1
pesanto,1
flag,1
rifacendone,1
industry,1
bag,1
uniformato,1
leboniare,1
maratoneta,1
rotonda,1
richiuso,1
/-150,1
arrotolare,1
cercherare,1
revenua,1
bazzicare,1
sperienza,1
affarone,1
olfatto,1
marzu,1
macroarea,1
normare,1
was,1
elettrofiltro,1
assemblatore,1
20°,1
chiese,1
avresta,1
ev,1
zone,1
telelavoro,1
strutturare,1
inventare si,1
selvatico,1
abiti,1
balneare,1
into,1
stimolarto,1
dislivello,1
esigenza)in,1
sovraffollato,1
equipaggiato,1
mac,1
marciare,1
ripagare,1
altalenare,1
annuare,1
autoacclamare,1
scie,1
trasportatore,1
aperitivo,1
rfid,1
chiamare mi,1
autistic,1
opraio,1
permessare,1
smetto,1
altissimo,1
invest,1
vuoldire,1
discorsivo,1
isee,1
specchietto,1
cameriera,1
banalmente,1
presse,1
pandemia,1
inculare,1
ragazzinio,1
sisi,1
innocenzo,1
vendor,1
tangenziale,1
inocenti,1
raspar,1
sovrascarpe,1
roccioso,1
negozietto,1
d´estate,1
ahahah,1
saere,1
stordire,1
cosciente,1
being,1
riciclaggio,1
sussistere,1
soprature,1
adolescento,1
privandolare,1
stavo,1
pessimista,1
parare si,1
stressante,1
opportunity,1
abnormo,1
sabotare,1
liceale,1
po,1
emisfero,1
perlomenare,1
centoventotto,1
accadare,1
℃,1
fumato,1
andate,1
calzettone,1
schiare,1
sistemare lo,1
spazino,1
manifatturiero,1
incentivare,1
rividerare,1
lattina,1
riformare,1
fossile,1
copiarmo,1
attencere,1
ché,1
idem,1
retromarcia,1
svago,1
estata,1
umidità,1
mola,1
intrattenimento,1
pulire mi,1
pilastro,1
migliori,1
prigionia\,1
caore le,1
mandatelare,1
bacino,1
laurearmio,1
autodeterminazione,1
permettare,1
finiire,1
seguo,1
expats,1
psichiatrico,1
elemosinare,1
endemico,1
risolleve,1
lifep,1
sfortuno,1
spender,1
albione,1
riciclare,1
fregatene,1
crociera,1
é,1
massí,1
millenno,1
pollame,1
dodga,1
citavare,1
normativo,1
filiere,1
foam,1
provare lo,1
disinfettare,1
anestesia,1
dire lo,1
captura,1
same,1
injzio,1
determinare,1
paghare,1
occhismo,1
penoso,1
fido,1
terrazzamento,1
quercio,1
sottotetto,1
pantaloncine,1
calabrese,1
lasciare le,1
capro,1
affittare lo,1
estorcere,1
riempiare,1
rudezza,1
countries,1
p.s,1
bonuslo,1
pidocchioso,1
spaccarma,1
piastrella,1
exile,1
fallimentare,1
affollamento,1
chiudilo,1
museruola,1
destinare,1
sudere,1
fare vi,1
vaccinare,1
aggiunto,1
ingiustificare,1
invited,1
evolve,1
social,1
piangono,1
cappellata,1
affrontavo,1
mezzemanico,1
salame,1
ottimizzatore,1
introdure si,1
caffe,1
riscoprire,1
telecomando,1
gabbietta,1
assudita,1
pulita,1
indebolimento,1
sagre,1
fotte,1
essere mi,1
premetto,1
spreco,1
ricarica,1
ascella,1
nicchia,1
compra,1
potenziare,1
grore,1
riusciere,1
europea,1
ritmo,1
triennale,1
cimici,1
chiude,1
ricompensare,1
isre,1
avevo,1
massicciare,1
giustificazione,1
misuraare,1
rendiamoci,1
avuti,1
sdoppiare,1
ventina,1
porcoddio,1
raffrescato,1
youtube,1
finanziaria,1
misurazione,1
sfugge,1
credento,1
economicamentire,1
ventilatore,1
sudamericano,1
invertire,1
migrazione,1
leggevo,1
sfizio,1
scavalcare,1
diminuzione,1
scoperto,1
annuo,1
dartelo,1
transizione,1
partiamo,1
travaglio,1
crederanno,1
terapeutico,1
pacchetto,1
arbitrio,1
personalizzazione,1
imboscare,1
suicida,1
elettronica,1
bisnonna,1
cisti,1
zip,1
skilift,1
rifarre,1
mtb,1
from,1
iacchetto,1
fare ci,1
fancy,1
ombrellone,1
evasore,1
citterio,1
messaggiare,1
exchange,1
convoglio,1
focolai,1
leaky,1
partivo,1
logorante,1
minchiare,1
beninteso,1
considero,1
sbattersene,1
avresto,1
graminacea,1
toccarono,1
brontolare,1
rasoio,1
diesel,1
pagliaccio,1
campa,1
escare,1
stabilizzare mi,1
fucilata,1
effeto,1
avremo,1
vetraio,1
venerdí,1
gestiscere,1
controllerai,1
infinitamente,1
diventerebbe,1
piovano,1
epidemia,1
shaming,1
scopaiole,1
immigrare,1
sciogliere si,1
vaticano,1
respirere,1
spendo,1
ricordare mi,1
becco,1
poggiolo,1
alluvione,1
dici,1
thread,1
ciabatto,1
innato,1
responsabilita,1
perlomeno,1
hai,1
dress,1
rato,1
vedrai,1
sfamare,1
alias,1
dittatore,1
rappresentanzione,1
🤭,1
piacciono,1
pungente,1
30annio,1
urbanised,1
impaurire,1
indisponente,1
export,1
spasso,1
inserto,1
lunedí,1
pesche,1
inventandoso,1
vengo,1
dual,1
intrappolare,1
recintare,1
facio,1
han,1
domicilio,1
rivestimento,1
becchere,1
mangiavamo,1
febbro,1
son,1
telo,1
erbo,1
idioto,1
70enne,1
sfondato,1
balla,1
luìre,1
ragionieristice,1
terrapiattisto,1
provaco,1
depilare,1
benestare,1
quaglia,1
intermodale,1
cmon,1
galla,1
famosissimo,1
exchangere,1
ritrovarto,1
binary,1
convergenza,1
riempie,1
modernizzarere,1
rivendono,1
insegnamente,1
spente,1
doso,1
governativo,1
spallucce,1
ricovero,1
straziante,1
mansione,1
dicembre,1
trasferiscire,1
tot,1
pizzeria,1
abitasso,1
complotto,1
leggere li,1
sentir,1
diurno,1
facendo,1
capa,1
accostamento,1
vedere lo,1
stai,1
mettine,1
disfunzionale,1
dormo,1
guasta,1
2h,1
subfornitrice,1
pazza,1
cd,1
dawn,1
misare,1
mines,1
-meridione,1
sentare,1
verre,1
cazzare,1
motorinio,1
socialità,1
frato,1
portico,1
fiotto,1
botto,1
superlusso,1
sudditanza,1
scorrevolo,1
nessunacorrelazione,1
shorts,1
neolaureato,1
badge,1
eccovo,1
cerco,1
adattavi,1
massivo,1
quotidiano,1
criminalità,1
stavamo,1
raccontava,1
pro,1
inflazionato,1
ringraziare lo,1
idolatrare,1
cars,1
chessare,1
segnalato,1
fossare,1
passeggiato,1
elimare,1
mirato,1
quarantena,1
senales,1
nulla,1
facevo,1
blatto,1
abitavare,1
preferiscare,1
camminata,1
asfissiante,1
adattamento,1
tassellatore,1
rifatto,1
masturbarme,1
consiglierare,1
bacato,1
cavalcavia,1
pallavolo,1
volvo,1
uscivo,1
specificato,1
andare si ne,1
definizione,1
decidare,1
stipare,1
sovrannumerario,1
residenziale,1
forbice,1
caldaia,1
hinterland,1
devote,1
aquila-roma-l',1
scaldarre mi,1
psico,1
perdare,1
trekking,1
simple,1
covidre,1
abitativo,1
lavare la,1
connessere,1
stivale,1
dichiarazione,1
lavatore,1
spero,1
illuminare mi,1
affidargere,1
usabile,1
communities,1
dimmerda,1
trentino,1
immagino,1
didattica,1
monitore,1
sfanalatore,1
integrare lo,1
sennò,1
pagavare,1
idoneo,1
attraversalo,1
piangiate,1
graduale,1
peloso,1
anoressico,1
apprezza,1
inavvicinabile,1
comportino,1
complottare,1
cotonare,1
pigiama,1
mettito,1
scrocchiare lo,1
ditemelo,1
autostradale,1
mainera,1
chiudore,1
rivendure,1
coso,1
partare,1
figurare ci,1
copio,1
user,1
poté,1
coatto,1
investo,1
troverai,1
infettare,1
riletto,1
accender,1
gleba,1
fixed,1
vedendo,1
rolling,1
volevi,1
manchere,1
privilegiare,1
gruccia,1
affettare,1
bffr,1
confermato,1
dutch,1
amarena,1
occasionale,1
enormemente,1
love,1
cerca,1
attivito,1
caritatevole,1
bb,1
giornalmente,1
lavorai,1
postazione,1
agghiacciante,1
armonizzare,1
acquisito,1
comprerei,1
tollero,1
ariete,1
a,1
golpe,1
tempore,1
accentrandolo,1
dimenticarto,1
caldere,1
babboo,1
predisposto,1
compiuto,1
passa,1
capodanno,1
sisire,1
tornare ci,1
stufa,1
bucato,1
sopperire,1
coetaneo,1
tienito,1
sciroppo,1
bilaterale,1
ricomprare,1
garantire mi,1
allergia,1
tunnel,1
itis,1
region,1
tombino,1
lido,1
accesa,1
chiacchiere,1
locandina,1
chiederglo,1
nipotino,1
auitare,1
edilizia,1
contato,1
muco,1
sprazze,1
franabilità,1
pecca,1
sadico,1
hit,1
spariscere,1
mosco,1
usanza,1
hashish,1
dopare,1
controsoffitto,1
elettrica,1
tore,1
18°,1
allevamento,1
spiraglio,1
vedere li,1
bada,1
utilizzabile,1
teenager,1
passavare,1
of,1
antisociale,1
occasionalmente,1
braga,1
tir,1
attestarere,1
dipendare,1
gatorade,1
cat,1
grare,1
popolino,1
40h,1
pensionone,1
iphone,1
potresti,1
such,1
approcciare lo,1
potenzialità,1
routine,1
arrivavi,1
chiedevo,1
governante,1
vedremo,1
ingombrante,1
instabilità,1
giubbotto,1
ferramenta,1
usa,1
hobbiste,1
flessibilitá,1
corredo,1
accogliento,1
tieni,1
immagare,1
tsnto,1
solda,1
tosta,1
very,1
staere,1
presentare si,1
condizionatori,1
inzuppare,1
spensierare,1
volere mi,1
dubito,1
appesantiscare,1
man,1
elettricità,1
polarizzante,1
farei,1
chiedare,1
🔥,1
riunissero,1
adoro,1
future,1
sprint,1
presumare,1
chiletto,1
girassa,1
sopravvalutare,1
ciabattina,1
mettire,1
frano,1
vergognare,1
imprenditoriale,1
ferragosto,1
immigrants,1
conosco,1
rimanessero,1
economicamente,1
miglior,1
richiedano,1
icontro,1
sperimentato,1
ragionieristico,1
pasquina,1
dirigenziale,1
elettricista,1
insignificante,1
dentista,1
andere,1
panettiera,1
farre,1
internet(pornhub,1
andandoe ci,1
sbatto,1
romagnola,1
tenere li,1
reggiare,1
ritrovo,1
tuone,1
potevere,1
slip,1
seggiovia,1
catturato,1
permettermelo,1
tappo,1
proporzionare,1
colre,1
indotto,1
beccarono,1
decathlon,1
prendeere,1
distraere,1
usavo,1
tropp,1
rispecchiare,1
spese,1
scacciare,1
this,1
esponi,1
accessibile,1
parallela,1
occupare mi,1
lievitare,1
preparamio,1
rilassare si,1
rare,1
annulamento,1
essiccare la,1
legga,1
lettino,1
sformare si,1
influire,1
covid,1
confidaare,1
resiliente,1
ricaricare,1
ne,1
jumpscare,1
sballato,1
berto,1
resultare,1
battesimo,1
tacciare,1
embargo,1
abbi,1
trovai,1
guizzante,1
decisione,1
carroattrezzo,1
mascherinare,1
magheggio,1
uscere,1
diciamo,1
fewo,1
sterilizzanto,1
assorbito,1
pepe,1
rivedere la,1
monitorare,1
vattene,1
odiere,1
diffondare,1
avessare,1
suggeriscare,1
clicca,1
amicizie,1
parafulmina,1
scaltra,1
arrivarere,1
ascolgere,1
picchiato,1
stavare,1
bico,1
registano,1
fornirglielo,1
messsaggio,1
antropico,1
incompetenza,1
strappo,1
uccidere lo,1
stronzato,1
inquadramento,1
naja,1
staccare mi,1
crollo,1
sapevamo,1
ttf,1
diciottenne,1
controcomunicazione,1
scaricatore,1
velox,1
secondo,1
kg,1
elbano,1
ocd,1
condire,1
piscio,1
neamco,1
probabilisticamente,1
movida,1
spostarme,1
pizzerio,1
dicesse,1
condizionamento,1
uscisse,1
scottatura,1
sbriciolare,1
functiona,1
portante,1
dispersione,1
them,1
attraggere,1
parecchio,1
tutelarre mi,1
mettili,1
lasciandolo,1
zero,1
farebbero,1
termicista,1
muovermi,1
job,1
dicere,1
grugnito,1
faresta,1
medi,1
lasco,1
citta,1
ore,1
termostato,1
vendere la,1
mino,1
svedese,1
suicidare,1
allontare,1
basteere,1
raccontavare,1
potere ci,1
disk,1
vetrare,1
giugno/11,1
disobbedire,1
spinoso,1
immettere,1
step,1
policy,1
giornare,1
quest,1
dissero,1
portare mi,1
facciano,1
regare,1
mulino,1
grigliata,1
commento:*sare,1
riaperto,1
maree,1
limitrofo,1
moltitudine,1
coop,1
arreco,1
sperduto,1
capriccioso,1
invasa,1
illuminò,1
ritrovaire,1
salvaguardare,1
formetta,1
rinfrescare,1
addestramento,1
alluvionabilità,1
guadagnere,1
nordico,1
frattempo,1
guardarmo,1
volevan,1
allestire,1
caditoia,1
accorgimento,1
ingombro,1
formativo,1
condizioantore,1
sussidio,1
4kw,1
laghetto,1
nuogere,1
immaginate,1
pls,1
supercondomini,1
valsa,1
dedicare si,1
ľesempio,1
debolezza,1
permettere si,1
andare mi,1
smettere la,1
fatema,1
coronavirus,1
denunciere,1
large,1
alpinismo,1
tare,1
mojito,1
senescenza,1
scatolotto,1
bidone,1
cala,1
facendomare,1
stenderlao,1
bilocale,1
figurato,1
prendio,1
baracca,1
manca,1
manifestavare,1
mega,1
pagare ne,1
gran,1
inferiorità,1
autocostruire,1
passarono,1
riusciire,1
vegetariano,1
passatempo,1
tossicità,1
hawaiano,1
vaccinale,1
switch,1
pompetta,1
pseudoscientifico,1
patente?manco,1
riesco,1
quadrilocale,1
belen,1
commando,1
convertiscere,1
diventere,1
apporre,1
crapplicazione,1
condimento,1
divare,1
massimizzare,1
resare,1
riesci,1
bisognere,1
pensi,1
sembro,1
altere ne,1
depilare si,1
relé,1
miliardario,1
blindare,1
vestitino,1
miniatura,1
trade,1
organizzavare,1
concimare,1
danno,1
dan,1
tessero,1
dene im,1
proprio,1
gps,1
things,1
norvegese,1
volai,1
parlare le,1
avvolgibile,1
bracciata,1
scusare si,1
propizio,1
definiscare,1
frantume,1
cognata,1
attratto,1
bevvi,1
pranzare,1
parlo,1
abbazia,1
trattabilo,1
spiace,1
pinguino,1
mprenditore,1
riprendi,1
scampare,1
bravissimo,1
accaduto,1
machine,1
lanciale,1
epidemiologico,1
peccare,1
incidenza,1
decuplo,1
basterebbe,1
sgrammaticare,1
420wp,1
contornare,1
portinaio,1
secchiato,1
muratore,1
sussurrandoma,1
bado,1
menzionassa,1
opportunita,1
ahahaha,1
scoprono,1
borders,1
alogene,1
money,1
carestia,1
near,1
pace,1
andassimo,1
mantenere mi,1
deformare le,1
testicolo,1
bell,1
feedback,1
dovevere,1
ghostare,1
ecologia,1
unice,1
passionale,1
scrivere ci,1
optare,1
principino,1
dettaglio,1
sappia,1
esteo,1
stupita,1
lavacesso,1
ragare,1
muffa,1
biore,1
climaticamente,1
vinco,1
darts,1
lacqua,1
cesta,1
dividilo,1
minchiata,1
abbracciamo,1
converted,1
qualità,1
relazionale,1
corporations,1
burka,1
godere ci,1
polare,1
ascendente,1
ondato,1
tesa,1
determinarire,1
born,1
penalizzare,1
botte,1
attraversabile,1
f.v,1
magliare,1
provo,1
estinguere,1
forzare mi,1
toccatemare,1
conoscimo,1
ciliego,1
rimare,1
anomalo,1
entrare mi,1
shirt,1
excessive,1
stufetta,1
micropale,1
inquinatissimo,1
penalità,1
sfacelo,1
hahahha,1
stessero,1
inarrivabile,1
impensabile,1
pratticare,1
accedere ci,1
ferie(se,1
were,1
ovvietà,1
inflazione,1
paccone,1
valuta,1
candeggina,1
http://siba-ese.unisalento.it/index.php/segnicompr/article/viewfile/4658/4029,1
scoglionare si,1
permettermelare,1
stagnolino,1
lapide,1
affitti,1
nooo,1
carburante,1
qualifica,1
urbanocentrico,1
mid,1
masturbore,1
mountains,1
demonizzazione,1
bikine,1
assorbimento,1
am,1
sfatigato,1
persiana,1
panettone,1
sfruttabile,1
atteggiamere,1
barattolo,1
disgusta,1
convention,1
grigliate,1
granita,1
mail,1
smocciolare,1
macchinario,1
dialogare,1
disparato,1
\[satana\,1
pervadere,1
erogato,1
bestemmiare,1
riconsegnare,1
goshiwong,1
arduoe,1
democratico,1
mutande,1
40°,1
studiere,1
cineforum,1
caco,1
leggere lo,1
gli%20altipiani%20nella%20storia,1
shitstorm,1
sapranno,1
prendere lo,1
full,1
assortito,1
rosolare,1
annusare,1
qualcuno,1
giovare,1
"pub,800",1
innevare,1
moccio,1
prefabbricato,1
cola,1
indossavo,1
solita,1
co,1
eversione,1
chiamare lo,1
infame,1
studiare lo,1
foibe,1
facessi,1
togliere mi,1
birreria,1
trasloco,1
stavan,1
liceare,1
pensa,1
addebitano,1
causato,1
montato,1
incoraggiare lo,1
siiiiiiiiiio,1
maratona,1
chiudere vi,1
riuscito,1
retribuito,1
seguono,1
infattibile,1
cestinare,1
postino,1
condizionato,1
evolvere,1
fintanto,1
concentro,1
assembramento,1
succinto,1
interfaccia,1
ios,1
capillare,1
includere lo,1
menga,1
parchetto,1
moolre,1
corteggiare,1
coltivato,1
bomboletta,1
chiamamo,1
sennare,1
incontrare mi,1
destra,1
riferiscare,1
tagliare la,1
liquidità,1
colonnina,1
ragazzare,1
trapanino,1
detratre,1
geochimico,1
puttano,1
spazzino,1
cominciarere,1
stropicciato,1
riaprivare,1
campeggio,1
trovabilo,1
finisce,1
arch,1
split,1
conoscetere,1
gangere,1
crepare,1
computo,1
stiro,1
innoqua,1
riattaccare,1
scandinavo,1
uragano,1
pagarvela,1
capí,1
delta,1
calippo,1
cordo,1
awareness,1
followed,1
ulteriore,1
nascite,1
facchina,1
impinguinare si,1
glaciale,1
intervistare,1
biondio,1
incongruenza,1
generalizzare,1
iniziai,1
molla,1
abboccherei,1
economy,1
gestiscare,1
particular,1
green,1
soffico,1
benone,1
ridussero,1
felicissimo,1
throughout,1
alcolizzare,1
ammortizzo,1
striscetta,1
fronzolo,1
errato,1
aggratis,1
realtare,1
misogene,1
ventenne,1
carota,1
comodissimo,1
differenziata,1
spiego,1
muta,1
rimborsare ci,1
scandalistico,1
cent,1
orse,1
portare si,1
provate,1
distraggono,1
insacchettato,1
fargli,1
offrare,1
what,1
affettire,1
avere la,1
scudere,1
scarpone,1
assurdamente,1
orde,1
duno,1
palendere,1
salvare li,1
prere,1
sorveglianza,1
toscoemiliano,1
val,1
legislatura,1
morbillione,1
ristoratore,1
irrisorio,1
pacchia,1
debito,1
andartene,1
l´autobus,1
canovaccio,1
indirizzarmi,1
perdoname,1
tale,1
eliminamo,1
garfagnino,1
ridicole,1
riavviare,1
ribellione,1
email,1
riaprere,1
follo,1
supermercare,1
rinomato,1
apertare,1
conquistato,1
sentire mi,1
inguinale,1
psicoterapia,1
coping,1
soft,1
blackout,1
preferirebbero,1
delusa,1
maledicere,1
serale,1
allenato,1
lavapiatto,1
zozzerio,1
coco,1
accolgo,1
integrato,1
ľintero,1
legarto,1
rifiere,1
accorciare,1
piacciare,1
ahaha,1
cervicale,1
jobs,1
boom,1
trovare lo,1
raccontarto,1
riducere,1
parrocchiale,1
produrremmiro,1
giorni,1
incazzarmi,1
vaccinazione,1
partitodemocratico,1
botanico,1
bira,1
facere,1
contro,1
marcatura,1
ubicare,1
rompare,1
strizzare,1
45°,1
monopattino,1
costi,1
evase,1
ringrazia,1
death,1
pensare ci,1
cavarsela,1
girare lo,1
convergere,1
a.c.,1
ghinghere,1
diminuito,1
campus,1
schools,1
pidocchiosi,1
insugliere,1
bermi,1
spannometrico,1
ditema,1
intasato,1
staare,1
vieni,1
sce,1
mouse,1
here,1
autoarticolato,1
bicipite,1
vedendomi,1
scarafaggio,1
salomone,1
under,1
normalissimo,1
geologia,1
miope,1
31luglio,1
menzionare lo,1
ricucire lo,1
artigianale,1
max,1
rere,1
restituendoto,1
facciamo,1
tettoia,1
aggiungi,1
vedere mi,1
vaccino,1
inspiring,1
pendolare,1
nascito,1
incontrario,1
premium,1
aprir,1
dedotre,1
sushi,1
automotiva,1
faie,1
infernale,1
correva,1
ricontattare mi,1
sparari,1
stoccare,1
franco,1
scarcassone,1
ingiustamente,1
one,1
triro,1
dallimpulso,1
partere,1
godere mi,1
cambiare si,1
pozzanghere,1
tizia,1
moriremo,1
usare la,1
bestemmia,1
oltretutto,1
buffet,1
sappo,1
ramengo,1
rigenerativa,1
cacqua,1
muovare,1
rischi,1
indeterminato,1
decisero,1
design,1
confrontare lo,1
minute,1
reinvestedre,1
limitata,1
l´aere,1
societario,1
trollare,1
saprai,1
sciagura,1
trasmettere si,1
inacessibile,1
sportiva,1
cinghiale,1
menare si,1
personalizzabile,1
buttato,1
raddoppio,1
dispendioso,1
leopardo,1
defensiveness,1
bidet,1
pensasso,1
imprenditrice,1
rivotare,1
dimostro,1
venivano,1
specialty,1
frequento,1
red,1
rinnovabile,1
venere,1
presentare mi,1
dirmelo,1
movimentazione,1
carrying,1
contagio,1
preparo,1
build,1
browser,1
hacking,1
riferivo,1
fannullone,1
aglio,1
apere ti,1
destinazione,1
gioire,1
shampoo,1
piacerto,1
funzionante,1
triedre,1
motorizzato,1
cerrrrrto,1
provavare,1
occupi,1
tralasciare,1
devotare,1
usata,1
raised,1
astro,1
schiavitù,1
etero,1
divese,1
dovere lo,1
soddisfacente,1
tradere,1
frescho,1
taaaaac,1
comfort,1
scarto,1
tuttofare,1
penzolone,1
50k€.,1
policies,1
waffle,1
birre,1
lodare,1
scenografico,1
came,1
dettagliato,1
faraare,1
sterline,1
cosiddetto,1
progressione,1
enter,1
mountainouse,1
saurre,1
surprettere,1
volte,1
prevenuto,1
oggettività,1
"""influenza",1
etnico,1
passata,1
ventilconvettorine,1
provvista,1
memory,1
isolare lo,1
fornito,1
parero,1
mangia,1
pulivo,1
800.mance,1
trafficare,1
lim,1
sepogliere,1
laltro,1
vocina,1
vegetare,1
traffickers,1
even,1
zampe,1
ennesima,1
autoconsumare,1
stagnazione,1
struturale,1
sterrare,1
usere,1
denominatore,1
ripido,1
riunciare,1
essere,1
gradi,1
garzone,1
potere la,1
paranoie,1
somatico,1
parentame,1
affittano,1
scaduto,1
manna,1
valori,1
autoconsumo,1
parlato,1
marmocco,1
garetta,1
traghetto,1
poch,1
mancia,1
spugna,1
prire,1
ricattare,1
degnare,1
denaro,1
culonia,1
€,1
stabilirmi,1
ustionare,1
spingendome,1
dire le,1
chiamerò,1
annualizzare,1
data,1
distortare,1
rather,1
aggiuntivo,1
siedere,1
production,1
riderai,1
potessare,1
vecchietta,1
calmissima,1
regolare lo,1
logistico,1
partecipavo,1
ricompensere,1
oliare,1
ones,1
speleotema,1
illuso,1
camicie,1
romagna,1
apparto,1
complottone,1
passamontagna,1
dimmerdare,1
contraente,1
spezzato,1
oversemplificazione,1
brindisi,1
inconsapevole,1
regalato,1
detesto,1
idroscalo,1
puzzano,1
addormito,1
lamentela,1
togliere lo,1
gladiole,1
tantissimo,1
mortorio,1
assaltare,1
meme,1
prenderare,1
solaio,1
riascoltandola,1
inalienabile,1
appennino,1
nord-est,1
sopportabile,1
prendevo,1
andare ci,1
sottoscritta,1
topic,1
ciabatta,1
culminare,1
unicio,1
papiro,1
biondi,1
chiamandolo,1
dissenso,1
compratevi,1
usufruibile,1
rosolare si,1
frequentato,1
tenore,1
freschissima,1
manifestarere,1
sentivamo,1
parso,1
contage,1
insistema,1
interromperla,1
insospettì,1
indegno,1
invivibile,1
gamma,1
costere,1
cospiraziomissile,1
vendono,1
recluta,1
sembrerebbero,1
delinquente,1
fiocco,1
quotato,1
prendertelare,1
robe,1
solstizio,1
minimizzare,1
occupire,1
pagare lo,1
volevere,1
provare ci,1
signorsì,1
facendoti,1
gang,1
stradinare,1
acconsentire,1
idratazione,1
immunizzare,1
facendoci,1
collasso,1
stagionale,1
seguere,1
spaccio,1
beccano,1
supportare la,1
massaggio,1
figo,1
i.e,1
raccogliere,1
since,1
dibattere,1
rotella,1
scrivimo,1
babysitting,1
spolpare,1
illegal,1
bastavare,1
realta,1
usuale,1
provenza,1
bracerio,1
attività=,1
descrivo,1
autunnale,1
legislatore,1
gelare,1
praticabile,1
difensivo,1
informato,1
sussurro,1
esista,1
big,1
gasolio,1
demmerdo,1
compensazione,1
trasferta,1
stirarme,1
rispondare,1
schiaccia,1
tergo,1
lare,1
terrei,1
analoga,1
misericordioso,1
essiccare,1
lasciandoe ci,1
side,1
antifurto,1
annare,1
avre,1
saunea,1
still,1
peace,1
ceretta,1
condizionatore,1
produttrice,1
piper,1
~400,1
marcato,1
osserva,1
fatevare,1
sceglile,1
premiscelato,1
stratificato,1
mid-1980s,1
lasciala,1
calato,1
rire,1
al-qadr,1
volere lo,1
soffito,1
ok,1
tentabile,1
scaldar,1
accumulo,1
impoverita,1
termodinamicare,1
attrezzato,1
saresto,1
campagnia,1
marce,1
stufe,1
operato,1
esattezza,1
crucciarto,1
bere ci,1
somo,1
patire,1
fluidificazione,1
report,1
mettere le,1
"telefono,;il",1
frizione,1
polleg,1
accasciare,1
palese,1
also,1
interrail,1
real,1
promettiamo,1
5k,1
reggo,1
montatore,1
caldissima,1
consolazione,1
traghettarto,1
piroclastico,1
perdere lo,1
levataccia,1
phishinge,1
institute,1
convivere ci,1
asvere,1
condivido,1
pó,1
boia,1
teenagers,1
commemorativo,1
dimenticato,1
impostabile,1
cv,1
mancante,1
metropoli,1
strinere,1
metti,1
ammollo,1
rispore,1
vabbehe,1
sub,1
ricarico,1
vedere ci,1
lamentarmi,1
recidivo,1
dismenorrea,1
earned,1
visitato,1
reddit,1
insetticida,1
lavoravo,1
offro,1
color,1
nettezza,1
tantissime,1
chiedere mi,1
concertare,1
endotermica,1
trascurabile,1
equitazione,1
cioccolatino,1
pd,1
vedavamo,1
anarchico,1
alel,1
presupposta,1
approvvigionare,1
sogno-515c6302-bb77,1
recenti,1
illogico,1
spiccio,1
colossale,1
scompartimento,1
rimaarr,1
dai,1
servirebbero,1
before,1
virale,1
incentivo,1
malapena,1
dipende,1
bloccai,1
dicendomo,1
miopo,1
approfondimente,1
rivoltare,1
rallento,1
-52,1
morirai,1
sovietica,1
ricettivo,1
fotovoltaico,1
fare mi,1
raffrescamento,1
sars-cov-2,1
andateci,1
affettudere,1
️,1
pisciare,1
sorry,1
efficacie,1
scacco,1
studentessa,1
barrare,1
stocks,1
limoncello,1
sostenibile,1
nonna|nonno,1
rurale,1
offrì,1
nudista,1
14esimo,1
autoproclamare,1
but,1
indigene,1
lastrico,1
vilnius,1
apparatamente,1
rubare gli,1
bilanciatore,1
vantaggioso,1
emigro,1
molteplice,1
appostamento,1
toglare,1
evitarmelo,1
aggiunsero,1
capire lo,1
abrogare,1
seguirire,1
aiutare lo,1
bisessuale,1
mono,1
soffro,1
contratre,1
sovradomanda,1
cartina,1
imbonitore,1
afa,1
cerchia,1
stronzi,1
bevere,1
costeggiare,1
anomalia,1
ritagliare vi,1
dense,1
tragitto,1
abbassamento,1
indiscriminato,1
breccia,1
behhhhhh,1
levira,1
gif](emote|free_emotes_pack|facepalm,1
mooooogliere,1
nazionalità,1
negativizzare,1
raggruppare,1
intensivo,1
restrizione,1
inizare,1
lecchese,1
hahahahahre,1
van,1
mettere ne,1
tromboso,1
vivreare,1
work,1
dedicare,1
correlazione,1
rivaleggiare,1
girerebbero,1
tornante,1
arrivar,1
maggiore,1
commessa,1
tenere la,1
corporale,1
adagiare,1
affrontare la,1
minacciandola,1
vabbé,1
piacere mi,1
freccetta,1
conoscere le,1
credenziale,1
bisogna,1
x,1
aule,1
implicito,1
freddissima,1
lascere,1
mainly,1
scontento,1
visibilmente,1
guaino,1
facesse,1
easy,1
2k,1
culinare,1
trolley,1
tirare li,1
intellettivo,1
confermo,1
vedendolo,1
contavare,1
entomofagia,1
free,1
scomodo,1
ovovia,1
insospettire,1
vere,1
prigionia,1
canotto,1
assessore,1
dimenticano,1
paesi,1
aiuola,1
farms,1
spinte,1
decidere,1
andassare,1
comprato,1
aprofittare,1
chimica,1
recuperere,1
pergole,1
guastare,1
userò,1
catalogare,1
demolire,1
smeralda,1
vax,1
repubblico,1
distrare si,1
inosservato,1
chilometraggio,1
retrogato,1
paesano,1
verso,1
afito,1
cagacazzo,1
camoglio,1
influenzale,1
impegnarmo,1
rendere mi,1
siare,1
passatema,1
stese,1
lisce,1
emblema,1
vivranno,1
monitoraggio,1
entro,1
spere,1
complottaro,1
😍,1
fortunare,1
aggravare,1
invero,1
perdo,1
ebbe,1
capiscare,1
amaca,1
asfaltato,1
bonus,1
imponere,1
greggio,1
accontentavamo,1
feria,1
pizzaiolo,1
volere si,1
microinverter,1
dicevo,1
contagi,1
stupare ci,1
ostello,1
research,1
mt,1
tienare,1
sornionare,1
40metro,1
mogli,1
inusuale,1
parlana,1
uscire ci,1
imprigionare,1
litioo,1
gustare si,1
spurgare,1
vichingho,1
lasciamo,1
igienico,1
diversificare,1
most,1
capire ci,1
innamorare,1
sfiato,1
vaccinato,1
+40,1
perca,1
finisco,1
lamentarto,1
frequentazione,1
aggiungico,1
producare,1
agevolato,1
lunigianese,1
positire,1
tondi,1
conore,1
ponderato,1
accanere si,1
carine,1
indicatore,1
ripenso,1
furbi,1
conversare,1
ita,1
contempo,1
account,1
chance,1
villetto,1
positività,1
autogrill,1
vaccare,1
piccho,1
rivolgere si,1
cafes,1
tosso,1
lacune,1
basandosi,1
approcciare,1
ligure,1
aggiudicare si,1
sciistico,1
abititare,1
fruttuoso,1
compro,1
sticazzo,1
inpraticabile,1
riapro,1
gradiscere,1
intorpidire,1
truffaldine,1
sperdere,1
strutturato,1
cammare,1
horror,1
mettare,1
preferisci,1
poso,1
sinché,1
comptitivo,1
inoltrato,1
simpatica,1
permanenza,1
modern,1
https://www.iltempo.it/politica/2021/09/04/news/mario-draghi-vaccino-obbligatorio-2023-ema-approvazione-ordinaria-pfizer-green-pass-governo-28549744/,1
vorrebbero,1
sto,1
self,1
signing,1
verdognolare,1
intervenere,1
scoperchiare,1
culi,1
sparito,1
equatore,1
hub,1
vivendoce,1
seracinesca,1
pasticciare,1
operator,1
butto,1
ammortizzare lo,1
represented,1
sappiato,1
matura,1
schiodare si,1
trombavamo,1
dichiarare,1
cannabis,1
mascherina,1
demografico,1
sottointendere,1
asile,1
piogge,1
riuscitp,1
sistemo,1
rileggo,1
valvola,1
togliessero,1
consentimi,1
distopico,1
rsa,1
moschea,1
mascherine,1
spendi,1
maleducata,1
collinare,1
cosmico,1
tua,1
impongono,1
abruzzesez,1
irregolarità,1
bresciare,1
immatricolazione,1
ere,1
gregge,1
ondare,1
vinello,1
avessimo,1
smollare,1
opterò,1
bo,1
rosik,1
salutare mi,1
franano,1
triplicare,1
quadrare,1
cordiale,1
usassero,1
azzolina,1
amario,1
ricercato,1
diventare lo,1
sportwatch,1
mandare lo,1
pilonidale,1
nmos24,1
<3,1
scaldarmi,1
insegnavare,1
padrone,1
spagna,1
caudere,1
accertarme,1
rendicontare,1
immunità,1
semi,1
contrassa,1
allenare mi,1
spario,1
uccidare,1
inagibile,1
conteggiare,1
dicono:”eh,1
tatticamente,1
svendere,1
nevicata,1
immaginatevi,1
pié,1
pink,1
talk,1
dicare,1
privatamente,1
vogliare,1
magistrale,1
tima,1
boiler,1
onerre,1
intendi,1
lasciare la,1
surfano,1
portartelo,1
alcool,1
incondizionato,1
binario,1
chilogetro,1
treccia,1
compattare,1
tortuoso,1
vassoio,1
determinazione,1
peróre,1
robaccia,1
preparare si,1
runnere,1
l´autore,1
escludibile,1
percepibile,1
s24,1
accorgire,1
ligneo,1
devastante,1
abitueraare,1
esclamo,1
immano,1
tendinita,1
lavandomi,1
tralasciando,1
lasci,1
nati,1
sbatre,1
fisse,1
tolto,1
inclinio,1
se,1
carrozza,1
enne,1
merendina,1
collettività,1
bivacco,1
lamentare mi,1
deluso,1
incostituzionale,1
ferre,1
tonnara,1
dare la,1
estare,1
topaio,1
popularity,1
division,1
ragion,1
essere ci,1
aperta,1
ocio,1
zanzara,1
barista,1
tornato,1
derivo,1
gained,1
imprecazione,1
racconto,1
bastardino,1
residence,1
acquare,1
baretto,1
costavare,1
decentemere,1
scomode,1
breaking,1
spariranno,1
epidurale,1
tracker,1
society,1
differentre,1
autorito,1
resinello,1
duravare,1
reception,1
paghi,1
allare mi,1
cambieraare,1
decina,1
reaction,1
affollato,1
spendere li,1
brief,1
13esima,1
diasporo,1
bombola,1
facevi,1
frustata,1
armade,1
trasformatore,1
premettere,1
tip,1
sai,1
suppongo,1
muovere mi,1
levato,1
колбаса,1
baltice,1
altalena,1
termico,1
80k,1
prossima,1
campeggiare,1
resisto,1
usciamo,1
sgocciolo,1
putrescente,1
accendo,1
prendere mi,1
displina,1
risa,1
ossessivo,1
dio-faraone,1
guardave,1
scolorire si,1
accendere mi,1
prendere li,1
isolante,1
waste,1
fronto,1
decesso,1
rispettavare,1
cominci,1
25°,1
disposto,1
respire,1
nascosa,1
strumentale,1
abbioccare,1
paesino,1
pagare la,1
persa,1
massacro,1
degrado,1
élite,1
incrociare la,1
delineare,1
accadutare,1
appreciare,1
urcaaaa,1
degente,1
consigliatissimo,1
cosi,1
ceceno,1
rapidere,1
farere,1
silurare,1
promesso,1
overthinking,1
tempistica,1
tredicesimo,1
chiudere le,1
dovevamo,1
prostituzione,1
scovare,1
scannare ci,1
faccio,1
tariffare,1
consisto,1
andre,1
sentivo,1
trovassare,1
sfortunare,1
costruirere,1
insolazione,1
intoppo,1
engagement,1
trentare,1
subliminale,1
middle,1
process,1
stupidinare,1
sembrano,1
zoom,1
piacare,1
magliette,1
fascistata,1
boxer,1
rigavamo,1
basic,1
frasi,1
tipe(ovviamente,1
liguro,1
fingevare,1
crif,1
applaudire,1
coattamente,1
arginabile,1
marina,1
bigattino,1
finivare,1
stro,1
parli,1
reclutamento,1
ricaricare la,1
queen,1
novax,1
-veneto,1
sacrilegio,1
tibetana,1
code,1
🐶,1
retribuzione,1
mood,1
parità,1
tefra,1
tifo,1
der,1
risistemare lo,1
cima,1
patologicamente,1
volante,1
arruolare si,1
riscaldato,1
zapping,1
pad,1
esco,1
porcare,1
prestissimo,1
fune,1
tere,1
additare,1
avevere,1
palestre,1
prov,1
bianche,1
impraticabile,1
iniettare,1
convenevolare,1
paghetta,1
scatoletta,1
pc,1
contenimento,1
vienare,1
sauna,1
estinzione,1
proponere,1
moka,1
dedicato,1
sfrattare lo,1
fregatura,1
umiliante,1
chimera,1
egoista,1
sette,1
correlato,1
fruire,1
attrattività,1
macdonalds,1
aprivare,1
calderina,1
attaccare li,1
fogliame,1
filosofeggiare,1
asciugatrice,1
legna,1
allontanare si,1
nascore,1
passere,1
persone,1
dannare mi,1
obbligarere,1
lockdown,1
rinuncio,1
marna,1
incrinare,1
frequentare la,1
beduino,1
oppone,1
adulare,1
sbollire,1
chiedere lo,1
tacchino,1
ciclista,1
sostanziale,1
degno,1
entroterra,1
annesso,1
preferei,1
confortevole,1
vien,1
riuscirò,1
robere,1
fermata,1
incline,1
bus,1
preferivo,1
cenerio,1
inquilino,1
soluzone,1
conoscente,1
puttanare,1
figata,1
escere,1
vado,1
invitandomi,1
mentalitá,1
consumato,1
riascoltandolare,1
valsassina,1
passai,1
spulciare,1
incollato,1
phishing,1
comitiva,1
estetica,1
adolescenti,1
pezza,1
avra,1
mortalità,1
esistare,1
germanico,1
preparano,1
sitter,1
truffatore,1
eolico,1
rider,1
costosissimo,1
deviare,1
vestere,1
iridescente,1
day,1
sciopere,1
avere lo,1
more,1
perbenedere,1
fidanzare,1
costosissime,1
periurbane,1
sensato,1
condominiale,1
geopolitico,1
gargantuesco,1
disorganizzazione,1
basato,1
ricostruirire,1
lamentere,1
smart,1
trafficking,1
pacco,1
premettare,1
finere,1
desalinizzare,1
blatta,1
gestisce,1
danese,1
impegnato,1
"stanza),perché",1
ciccio,1
questione,1
tutt,1
beata,1
picche,1
stressare,1
energy,1
dimensionare lo,1
resultato,1
samoyedo,1
giurre,1
trasferitiso,1
antro,1
calca,1
terminati,1
assicurativo,1
dimenticòre,1
hahaha,1
stato,1
insistire,1
trascinandola,1
centezza,1
rodare,1
distrazione,1
asintomatico,1
overbooking,1
pocho,1
caricare si,1
covizcelafaremo,1
azzardato,1
basandoso,1
amavare,1
decreto,1
estraggono,1
consere,1
tessere,1
didattico,1
hard,1
legittime,1
onwards,1
antiquato,1
saune,1
mangi,1
potendomi,1
pele,1
eliminere,1
mode,1
fontane,1
ti,1
poteve,1
impediscono,1
haters,1
avvengere,1
ha,1
era,1
billion,1
urbe,1
situa,1
ľeffetto,1
propagazione,1
vidare,1
mesi,1
ps5,1
raccontartela,1
tornerei,1
riflettare,1
genitale,1
automobilista,1
aquila,1
corriero,1
pensatore,1
vegano,1
bottigliata,1
imbecillità,1
specializzazione,1
neo,1
istantaneamente,1
ferreo,1
muore,1
emigrare,1
bollento,1
fare si,1
durante,1
salgono,1
lock,1
inverte,1
aspetta,1
sciare,1
brezza,1
gelidare,1
farto,1
soletta,1
midst,1
tematica,1
soggettiva,1
estraniato,1
camorrista,1
travatura,1
reggaeton,1
fidanzare mi,1
ispere,1
venerano,1
annettere,1
psicomotorio,1
salento,1
cerved,1
dedizione,1
monopoly,1
sollevòre,1
promiscuità,1
fatturazione,1
parlare ne,1
deficit,1
piazzetta,1
afferente,1
permeabile,1
messaggo,1
part,1
te?quindo,1
circostanto,1
assicuro,1
scese,1
potenze,1
detta,1
esorbitante,1
sfruttavare,1
plebo,1
istruttore,1
ibrido,1
capire ne,1
resposere,1
triplo,1
lavare si,1
marketplace,1
ritrovare mi,1
rossa,1
dissonanza,1
rincarare,1
riviera,1
friggitoria,1
capisci,1
esimo,1
banchina,1
condiviso,1
emergare,1
chiacchere,1
votante,1
coprono,1
rubinetto,1
attaccato,1
prendere si,1
pagarsela,1
stracci,1
pendico,1
pestaggio,1
viaggiato,1
vivere ci,1
riuscivo,1
leto,1
tracciabile,1
concentrare mi,1
portare li,1
pippa,1
commodities,1
arrivai,1
imbroglio,1
sovraccaricare,1
subdolo,1
suppone,1
facebukke,1
qualsiasi,1
torna,1
delto,1
pensionato,1
fossi,1
pigiare si,1
mezza,1
dehor,1
lodo,1
him,1
ahahahahre,1
sura,1
sprecato,1
importere,1
smistare,1
precipitazione,1
pissibile,1
escursionismo,1
manipolazione,1
govverno,1
afterwards,1
facci,1
avvicinare mi,1
preferibile,1
rimangere,1
erogare,1
comprare si,1
mantagna,1
sigaretre,1
ciottole,1
uscire ne,1
rampante,1
descrivere,1
andai,1
simultanee,1
ribadiscere,1
affittuare,1
vulcanico,1
recitazione,1
giustiziare,1
spiegare mi,1
dire ti,1
sensare,1
trovare si,1
dispiegamente,1
permere,1
visito,1
avere mi,1
vecchiacce,1
alleviare,1
addosso,1
salare,1
cerviare,1
salvino,1
aggravante,1
dire vi,1
archeologo,1
capitalismo,1
passano,1
godi,1
around,1
password,1
tfr,1
perdermi,1
vedere la,1
8kwp,1
fetore,1
continuire,1
vivrebbe,1
sgabello,1
impastare,1
raffrescare,1
vibrazione,1
bullizzare,1
agevolazione,1
https://arstechnica.com/?p=1898684,1
vedendola,1
discriminato,1
lobbista,1
fidanzatina,1
tace,1
rimasi,1
ospedalizzare,1
divo,1
period,1
leggoo,1
liberandole,1
comprensore,1
doti,1
carichino,1
essai,1
bagnina,1
valutavo,1
camino,1
metterlao,1
serenere,1
ammiratore,1
caffetteria,1
reinvested,1
fai,1
invidio,1
toto,1
€o,1
annessione,1
nascosare,1
legalizzare,1
categorico,1
rassista,1
slums,1
bettola,1
riguadagnare,1
acin,1
50/60/70enni,1
estremizzare,1
"\-*""sto",1
basito,1
prenotabile,1
silk,1
andrai,1
cluo,1
frittata,1
both,1
pigliare si,1
cities,1
venda,1
appeared,1
climatizzatore,1
cadavero,1
riduttore,1
aboard,1
correggetema,1
panettiere,1
passereare,1
ameno,1
ristorazione,1
spaccandote,1
riprendo,1
confesso,1
ammaliare,1
preavviso,1
invogliare,1
agriturismo,1
ghost,1
kilometri,1
guardo,1
strong,1
supplicare lo,1
imbottigliamente,1
fruit,1
muovere li,1
acciaieria,1
funziona,1
termosifone,1
zoccole,1
raspare,1
valuterre ei,1
immaginati,1
sposare si,1
cambiarto,1
lide,1
delegare,1
anzianotto,1
farete,1
trainingpeaks,1
mitigato,1
metter,1
dividire ci,1
monto,1
ruberio,1
dopodomano,1
ultras,1
cognizione,1
vivare,1
cuburre,1
comprare ne,1
parla,1
stampano,1
carburanto,1
lost,1
menta,1
osteria,1
animatore,1
eterosessuale,1
francesismo,1
eh,1
passavo,1
produttività,1
dopo,1
scivolo,1
peraltro,1
facto,1
lavoraro,1
golosità,1
meditazione,1
battigia,1
deroga,1
iena,1
alzo,1
schedulabile,1
spanna,1
addebito,1
comino,1
latitudine,1
sconosciere,1
crimo,1
fartelo,1
cubotto,1
crossing,1
america,1
sperasso,1
reimpatrio,1
accompagnare la,1
derivare,1
info,1
portogese,1
coprire lo,1
scogliera,1
faresti,1
basket,1
dubire,1
schiavitu,1
assordante,1
decolonisation,1
migranto,1
infognare,1
lavaggio,1
sedentario,1
massacrante,1
micro,1
batte,1
distanziamento,1
ahahhahah,1
concentrato,1
afaik,1
limmari.htm,1
farselo,1
discriminazione,1
zie,1
anni,1
desumere lo,1
margherita,1
calendaro,1
started,1
driva,1
grossolani,1
vendi,1
naturalistice,1
scoppola,1
decoro,1
propio,1
invendere,1
sinapsi,1
fare lo,1
sapre,1
piango,1
riconsegnata,1
ripetere si,1
sfuggitare,1
retribuire,1
balnearo,1
affittuaria,1
incrocio,1
decadere,1
dato,1
svegliere,1
funzionalità,1
franare,1
stemperare,1
uk,1
monopottino,1
avviciniare,1
minerale,1
concussione,1
anglosassone,1
assicuratore,1
virare,1
muoverre,1
caminare,1
prenderti,1
farsela,1
eventually,1
sperimentale,1
multimediale,1
chiamamio,1
laughs,1
sensibilizzare,1
costretto,1
ceto,1
deruba,1
aggressività,1
assolgere,1
installatore,1
bisnonno,1
businesses,1
altopiano,1
affitare,1
aleatorio,1
rettiliano,1
cresceva(mentre,1
drama,1
portatile,1
does,1
preimpostato,1
chare,1
diventino,1
logo,1
xd,1
demolita,1
decided,1
android,1
esposto,1
southern,1
autoregolare,1
calde,1
asso,1
trovare mi,1
stayed,1
binocolo,1
tossicere,1
generalizzazione,1
dormivamo,1
sveglia,1
toglire,1
desertificazione,1
nazisto,1
globo,1
replicabile,1
ure la,1
cio,1
pianuro,1
festivo,1
30°,1
lungo,1
pressurizzare,1
giustificarso,1
refusing,1
hazamat,1
solitaria,1
rimasero,1
canottiera,1
imparagonabile,1
soffri,1
domattinare,1
attrattivo,1
riccordare,1
musicassetta,1
rimarrò,1
imposti,1
scoprare,1
contrary,1
margherito,1
ignovrandere,1
notizia](https://milano.corriere.it,1
vegetazione,1
insistevano,1
ingenuità,1
rol,1
slot,1
attraente,1
municipio,1
emorragia,1
conduzione,1
informare si,1
produce,1
coprirai,1
navigo,1
vulcano,1
summenzionato,1
dopoguerra,1
stufo,1
scompense,1
powerpanel,1
mettessero,1
whether,1
economic,1
nide,1
vabbeh,1
guardare si,1
difendare,1
ricordare si,1
andave,1
malafede,1
definire,1
esce,1
svegliaare,1
metterto,1
frere,1
spirit,1
propietare,1
bellissime,1
sconveniente,1
asfalto,1
n,1
liquore,1
sparare mi,1
tornano,1
es,1
benzinaio,1
attrezzaturare,1
elargivare,1
attivista,1
gestionale,1
"settimana,1800",1
tantissima,1
solanacee,1
mostrare si,1
sere vi,1
scomodi,1
figurati,1
morosa,1
famigliare,1
finestraio,1
cercavo,1
colorire,1
etc.,1
opprime,1
filmografia,1
proverò,1
eccidio,1
dormivre,1
sputtanare,1
cimone,1
raccattare,1
sedere si,1
divertire si,1
ghetto,1
deserto,1
spread,1
recently,1
chiedi,1
milfona,1
avrai,1
abbondantemente,1
offri,1
repere,1
mocio,1
disinfestazione,1
evitala,1
housed,1
totalizzare,1
genetica,1
arrivato,1
1-iniziare,1
cartoleria,1
silence,1
fuorviare,1
alterno,1
coltivo,1
comanda,1
structures,1
puff,1
connesso,1
dimostrare lo,1
casaccio,1
programmatore,1
mosso,1
specializzare,1
rispostare,1
coinvestere,1
ronda,1
affittato,1
grigia,1
parmigiano,1
rest,1
puglia,1
litigò,1
aveve,1
quit,1
contabilità,1
incompetente,1
telecontrollabile,1
azionare,1
polvero,1
miriadare,1
ipotermia,1
permetterebbero,1
elasticare,1
ricono,1
accordavare,1
pneumatico,1
inverter,1
cinquantina,1
pascolo,1
cannone,1
raccolto,1
established,1
clio,1
bassissimo,1
tordo,1
riempito,1
esistire,1
maggiorenna,1
tablet,1
passartio,1
elbare,1
tornerò,1
canonico,1
spendare,1
commemorazione,1
corna,1
testimonio,1
indimenticabile,1
eruzione,1
argillo,1
disorganizzare,1
rompendo,1
ogno,1
riconsegna,1
scalabile,1
nevico,1
parola,1
hunting,1
comparable,1
pugnio,1
proceedings,1
tue,1
chiedio,1
appeso,1
educato,1
lesbicare,1
piantine,1
filmetto,1
ritardato,1
sciacquare,1
sbalzo,1
appenninico,1
abergi,1
pero,1
umidissimo,1
latta,1
tenerlo,1
normannio,1
visgere,1
geologico,1
dovessare,1
tiepido,1
rimarre,1
contagiato,1
aloro,1
vecchiaccio,1
estremisto,1
ossaturo,1
orientare ci,1
40enne,1
pagato,1
mensilità,1
budget,1
segreti,1
iron,1
arrabbiare,1
ciclonico,1
falsissimo,1
tento,1
intendesse,1
paragonarmio,1
19°,1
raggiunsero,1
involontario,1
regimo,1
avvogliere,1
pensavamo,1
ribasso,1
ingegnerio,1
estato,1
>,1
strabuono,1
rimboccare si,1
relegare,1
amichetto,1
scorazzare,1
coperchio,1
lavoretto,1
stati,1
imprimere,1
apprezzo,1
pa,1
riempere,1
bassino,1
immigration,1
scopato,1
priori,1
rifugi,1
benefit,1
persero,1
pantaloncino,1
svariato,1
have,1
bice,1
tirano,1
pavia,1
stime,1
responsabilitá,1
arricchire si,1
rigirare,1
proiettato,1
sterile,1
bandio,1
accentuato,1
sbarco,1
mappare,1
preposto,1
motel,1
sanvalentino,1
innovare,1
incombenza,1
b,1
piu,1
avere ne,1
dispacciamento,1
schiattare,1
prattica,1
grandissimo,1
armano,1
had,1
dicevare,1
favorita,1
many,1
facciate,1
unica,1
addottare,1
il,1
decretare,1
prendere ne,1
metá,1
xiii,1
fregarmene,1
stacco,1
utilissimo,1
parliamo,1
pantofole,1
crampo,1
anguria,1
apple,1
passeggiate,1
provvigione,1
registrarmi,1
bricolatore,1
soldino,1
malavoglia,1
favela,1
forato,1
condannare lo,1
nerborere,1
drug,1
ambo,1
sparsa,1
accire,1
spanere,1
diverte,1
sabotatore,1
doposcuola,1
all´auto,1
indesiderare,1
dare mi,1
